pitcher,season,avg_pred_whiff,actual_whiff_rate,n_pitches,n_whiffs,fastball_count,fastball_whiff,breaking_count,breaking_whiff,offspeed_count,offspeed_whiff,name,team,raw_scouting_score,stuff_plus_score,fastball_stuff_plus,breaking_stuff_plus,offspeed_stuff_plus,fg_mlbam_id,fg_stuff_plus,fg_location_plus,fg_pitching_plus
434378,2026,0.103892006,0.1078838174273859,241,26,110.0,0.059496704,100.0,0.14143151,31.0,0.14032851,"Verlander, Justin",DET,37.076905481490286,80.61535822223543,63.15969901332775,93.77629548084641,107.17121420099568,434378.0,96.96129411764706,92.15164705882353,88.21682352941177
445276,2026,0.14169057,0.12757201646090535,729,93,649.0,0.14311345,76.0,0.13125765,0.0,0.0,"Jansen, Kenley",DET,59.91892434610499,114.87838651915749,129.10209634669326,88.47546761530282,,445276.0,108.24201657458559,99.00878453038678,106.7995303867403
453286,2026,0.1087347,0.10553745928338762,1535,162,813.0,0.08317831,481.0,0.14124173,240.0,0.13044433,"Scherzer, Max",TOR,40.6783256088997,86.01748841334955,84.70196359913628,93.72371968485703,103.19915117431911,453286.0,94.28588637919233,106.10888432580425,99.11882272416153
455119,2026,0.120833464,0.08646616541353383,266,23,212.0,0.11465393,27.0,0.15312378,27.0,0.1370639,"Martin, Chris",TEX,48.315763451109355,97.47364517666404,110.62043610109177,100.60271701791167,105.58530332073408,455119.0,102.12448818897631,106.60039370078741,107.18000000000002
471911,2026,0.11994387,0.10569105691056911,246,26,136.0,0.11234542,34.0,0.10977286,76.0,0.1380913,"Carrasco, Carlos",ATL,47.644089254308554,96.46613388146284,108.27671645768667,78.27027937097918,105.88494157883521,471911.0,81.54804878048779,107.52951219512195,91.50243902439024
472610,2026,0.13610987,0.10943396226415095,265,29,129.0,0.11380264,53.0,0.15725271,83.0,0.1572793,"García, Luis",MIN,57.16390920020228,110.74586380030343,109.83280446096887,102.73868801643322,113.98654395506469,472610.0,95.21341317711143,97.18285515929878,95.26241161978011
476594,2026,0.10833532,0.11764705882352941,561,66,435.0,0.108145565,77.0,0.12060066,48.0,0.091825396,"Stock, Robert",NYM,40.132189773992664,85.198284660989,105.6532969399244,83.73459717116376,86.09926190823671,476594.0,100.39669926611104,97.14904234715999,96.30431597372774
489446,2026,0.12080386,0.1446280991735537,726,105,477.0,0.08662907,13.0,0.08921136,236.0,0.19161776,"Yates, Kirby",LAA,48.283974467125084,97.42596170068762,87.50522340297961,67.34632916055011,129.54339095945033,489446.0,87.82412257775891,100.33408702408703,86.87317628499446
500743,2026,0.048902895,0.018867924528301886,53,1,0.0,0.0,0.0,0.0,0.0,0.0,"Rojas, Miguel",LAD,28.769540313254424,68.15431046988164,,,,500743.0,36.12452830188679,104.53811320754718,55.34377358490566
500779,2026,0.10816954,0.09634146341463415,820,79,396.0,0.07641071,255.0,0.14184296,165.0,0.13403152,"Quintana, Jose",COL,39.9261542301801,84.88923134527016,78.77600404389739,94.19422480003439,104.34930171269376,500779.0,81.19156596794082,103.89524044389644,86.12951911220718
518585,2026,0.13105603,0.1705020920502092,956,163,329.0,0.06944268,131.0,0.13136762,488.0,0.17298299,"Cruz, Fernando",NYY,54.41639632322987,106.6245944848448,71.79091086277921,88.66877460459295,121.15107520009599,518585.0,97.89247881355934,88.94322033898305,89.4954449152543
518876,2026,0.11359685,0.10492905153099327,2678,281,1357.0,0.077952,571.0,0.13469434,740.0,0.1636283,"Kelly, Merrill",AZ,43.73900987653579,90.60851481480368,80.3543403672028,90.68535932271121,117.24175372852743,518876.0,89.29671264367818,101.16551724137935,94.93456704980842
518886,2026,0.105619036,0.10941475826972011,786,86,570.0,0.09264182,182.0,0.14855999,24.0,0.084245704,"Kimbrel, Craig",TB,38.155879689098825,82.23381953364824,92.54975294881997,98.38202089776067,83.07784532081854,518886.0,109.15554142945572,92.31440694918926,101.84690278953626
519141,2026,0.12033891,0.08333333333333333,504,42,357.0,0.11119847,131.0,0.14661501,0.0,0.0,"Pomeranz, Drew",LAA,47.86901327427102,96.80351991140653,107.55909106880594,97.11413415270722,,519141.0,106.28961142831503,99.67571584012924,107.08978574713674
519242,2026,0.14501487,0.15370161593385945,2661,409,1321.0,0.09761789,1061.0,0.19861935,278.0,0.1660625,"Sale, Chris",ATL,62.10075300169299,118.15112950253949,96.16507321171076,123.37015685839322,118.0197019589549,519242.0,117.89817686014801,109.39489676665366,121.6714141020646
527048,2026,0.10341643,0.09034267912772585,2247,203,1386.0,0.10060422,162.0,0.10845613,696.0,0.10798103,"Pérez, Martín",ATL,36.782457581730846,80.17368637259626,98.6536428312846,77.10477134708096,93.93414945592876,527048.0,85.50659913130809,101.26710352598523,90.07435003870357
542888,2026,0.11346275,0.11598746081504702,638,74,457.0,0.10247717,177.0,0.14149092,0.0,0.0,"Armstrong, Shawn",CLE,43.62424425835495,90.43636638753242,100.48027903780965,93.88121888582448,,542888.0,101.3571884984026,90.21846645367411,89.47169329073483
543037,2026,0.12312421,0.10510358767054068,1979,208,1038.0,0.10219659,662.0,0.153524,249.0,0.12648433,"Cole, Gerrit",NYY,49.95300054681895,99.92950082022843,100.2881359112886,100.69921679319269,101.22682912767348,543037.0,103.40136743215028,106.39834029227556,106.44252609603339
543056,2026,0.11151065,0.07635467980295567,406,31,310.0,0.107298955,95.0,0.12642518,0.0,0.0,"Coulombe, Danny",BOS,42.38318299979956,88.57477449969934,105.03923504848638,86.27685084305038,,543056.0,95.02901041666665,90.46864583333331,92.43192708333338
543135,2026,0.14381762,0.1502659574468085,2256,339,898.0,0.09737232,518.0,0.15451276,840.0,0.1868745,"Eovaldi, Nathan",TEX,61.23441577292058,116.85162365938086,95.96627105777759,101.2789643219892,128.46070290429037,543135.0,94.83045296770086,106.21878938363497,104.05665991874838
543238,2026,0.15282506,0.13,200,26,120.0,0.11777938,69.0,0.22601347,11.0,0.07605065,"Gose, Anthony",KC,65.2905826665179,122.93587399977686,113.11698738438832,132.65367083944992,79.57643598886624,543238.0,112.44477157360407,98.5031472081218,108.9885279187817
543243,2026,0.117103875,0.10967489228358794,2553,280,1476.0,0.090578176,930.0,0.16437809,146.0,0.08466308,"Gray, Sonny",BOS,45.92648713831695,93.88973070747542,90.63861731253921,106.43447454287042,83.28671286378653,543243.0,100.76184690157963,98.12409072498987,102.31681652490884
543309,2026,0.03496227,0.0196078431372549,51,1,0.0,0.0,0.0,0.0,0.0,0.0,"Higashioka, Kyle",TEX,24.651640599472042,61.97746089920806,,,,543309.0,32.12470588235294,100.97529411764705,40.67921568627452
543510,2026,0.039198373,0.031746031746031744,63,2,0.0,0.0,1.0,0.056459416,0.0,0.0,"McCann, James",AZ,25.362709242610535,63.0440638639158,,59.109657530293845,,543510.0,45.38675324675325,81.19636363636363,31.18493506493507
544150,2026,0.12016551,0.1184346035015448,971,115,722.0,0.11873232,92.0,0.10761059,156.0,0.13472089,"Suárez, Albert",BAL,47.74062460069702,96.61093690104553,113.68964315697013,76.94902140203862,104.81623202864849,544150.0,84.74068322981368,106.47602484472053,92.40873706004137
547179,2026,0.10406255,0.08168216740800648,2473,202,1318.0,0.09191119,656.0,0.13127875,498.0,0.10057973,"Lorenzen, Michael",COL,37.36055644763268,81.04083467144902,91.72328354231333,88.54011458458452,90.41822857984036,547179.0,87.2365302159926,100.15151887637867,89.57975204120707
547184,2026,0.122545846,0.1032258064516129,155,16,44.0,0.0765722,110.0,0.14153714,1.0,0.05634497,"Kelly, Michael",ATH,49.63959417745181,99.45939126617772,78.90587097025593,94.09017684624497,74.36147332563668,547184.0,101.51570247933884,81.1196694214876,82.42578512396695
547973,2026,0.13887002,0.15948777648428406,859,137,596.0,0.1265356,157.0,0.17294535,104.0,0.1602481,"Chapman, Aroldis",BOS,58.48337569956803,112.72506354935204,119.64565963279722,111.13978222220601,115.23999234311054,547973.0,115.12672228843867,104.98214541120379,117.4289392133492
548384,2026,0.12090059,0.10804597701149425,870,94,441.0,0.11482856,313.0,0.13569269,112.0,0.103374824,"Raley, Brooks",NYM,48.379290725225474,97.56893608783821,110.80635048906112,90.9758979106086,92.07000718948086,548384.0,109.38635638670848,91.90995979793558,100.0498651072001
552640,2026,0.16274816,0.12239221140472879,719,88,368.0,0.11512242,343.0,0.21441455,0.0,0.0,"Kittredge, Andrew",BAL,68.90059521450095,128.35089282175142,111.18326487259407,128.76796625775785,,552640.0,97.6652676056338,102.78729577464792,99.15828169014084
554430,2026,0.120905586,0.15477538693846735,2649,410,1634.0,0.098945364,584.0,0.14153542,431.0,0.17620759,"Wheeler, Zack",PHI,48.411029691315754,97.61654453697363,96.95395268799425,94.0380463556694,122.2617610053922,554430.0,105.11771298750476,106.50759560772433,112.74934494509651
571510,2026,0.11320567,0.1095890410958904,2044,224,929.0,0.075018816,543.0,0.118221596,572.0,0.17046429,"Boyd, Matthew",CHC,43.39214682414133,90.088220236212,77.07542213064492,83.02206468176226,119.74115730780099,571510.0,95.29217791411043,106.97270961145192,99.66001022494888
571578,2026,0.13241391,0.09978768577494693,1413,141,756.0,0.10376332,409.0,0.18907727,247.0,0.12672512,"Corbin, Patrick",TOR,55.40648328564441,108.10972492846662,101.92606762903667,119.06004657291855,101.50650580767206,571578.0,93.58048594428655,102.69103626903834,96.96940294402083
571882,2026,0.13741094,0.09032258064516129,155,14,92.0,0.12273706,50.0,0.17611921,13.0,0.09237874,"Law, Derek",AZ,57.78541247394372,111.67811871091558,117.01320327636886,113.07656458284939,86.52165112442725,571882.0,92.98541935483871,101.06529032258065,98.46838709677421
571927,2026,0.13441949,0.10028248587570622,1416,142,710.0,0.12122217,303.0,0.11508609,403.0,0.17220637,"Matz, Steven",TB,56.22291818435542,109.33437727653313,115.54239326165428,81.67346012734467,121.00159486548998,571927.0,100.19559087418362,104.91148904127279,103.5669635660548
571945,2026,0.106896095,0.07006020799124248,1827,128,886.0,0.08404995,794.0,0.12881452,146.0,0.12705839,"Mikolas, Miles",WSH,38.9405424739605,83.41081371094074,85.3345622978924,87.409993806429,101.67455731760417,571945.0,89.42437040979553,108.06276938201121,96.34373468437327
571948,2026,0.12114179,0.08213256484149856,694,57,375.0,0.09778761,189.0,0.15262502,126.0,0.14334142,"Milner, Hoby",CHC,48.7275943492299,98.09139152384486,96.21466731494709,100.31335132370333,108.25212473130365,571948.0,105.18119136064142,101.08278837548865,102.87423917855968
572143,2026,0.112448424,0.1054421768707483,294,31,192.0,0.109761,74.0,0.12934776,28.0,0.08621391,"Smith, Burch",DET,43.11677951373928,89.67516927060892,106.80510221019158,87.8167329775013,83.79520988777566,572143.0,97.14468089958822,87.95153500158379,88.63558441558439
572955,2026,0.14076549,0.11045828437132785,851,94,312.0,0.108294524,539.0,0.1595613,0.0,0.0,"Johnson, Pierce",CIN,59.3216743911003,113.98251158665045,105.80826348800515,104.02463384374319,,572955.0,99.83350835322196,102.59832935560858,98.37976133651549
573009,2026,0.12404539,0.0827250608272506,411,34,201.0,0.11552805,108.0,0.1272727,102.0,0.13741241,"Mantiply, Joe",TOR,50.61137128718928,100.91705693078391,111.50283574863573,86.56730221799168,105.76481104191902,573009.0,111.52715736040619,90.14807106598984,101.23101522842639
573124,2026,0.12273132,0.07739130434782608,1150,89,569.0,0.106509596,557.0,0.13869695,0.0,0.0,"Rogers, Taylor",MIN,49.82766077547539,99.74149116321308,104.33327817332162,92.32692940216978,,573124.0,106.1374788334901,95.3783254938852,96.35663217309506
573204,2026,0.116315156,0.14695752009184845,871,128,334.0,0.09270011,524.0,0.13119802,2.0,0.1773339,"Thielbar, Caleb",CHC,45.37537934732313,93.0630690209847,92.60402784777344,88.41060587286614,122.77747085888399,573204.0,113.42944510035419,100.48004722550172,108.55995277449823
579328,2026,0.116794504,0.11442786069651742,1206,138,553.0,0.09181413,441.0,0.14075895,208.0,0.13195883,"Kikuchi, Yusei",LAA,45.75566920039486,93.6335038005923,91.66731027824162,93.4066122872168,103.88654917220013,579328.0,97.56060652009096,101.24416982562549,99.4497194844579
592094,2026,0.13149466,0.1456953642384106,604,88,141.0,0.08621072,268.0,0.14647517,195.0,0.14364985,"Adam, Jason",SD,54.7294839042937,107.09422585644054,87.3688374344622,97.01586189741258,108.3820423305582,592094.0,97.32777202072542,96.7952677029361,93.58587219343697
592155,2026,0.14241593,0.1607717041800643,622,100,540.0,0.14329018,67.0,0.14588149,14.0,0.09923436,"Booser, Cam",TB,60.7751556704028,116.16273350560421,129.76022729685576,96.57198309235191,89.93503985643142,592155.0,112.31131810193318,99.30959578207384,106.79233743409492
592288,2026,0.10322443,0.09375,96,9,27.0,0.08959369,46.0,0.1142044,23.0,0.09726577,"Emanuel, Kent",CIN,36.476081649050585,79.71412247357588,89.98790351514779,81.04752964473343,88.86233470671584,592288.0,87.28333333333335,87.29083333333334,70.51104166666667
592332,2026,0.14415352,0.13785274083684723,3083,425,1562.0,0.08126589,277.0,0.14265403,1242.0,0.22365406,"Gausman, Kevin",TOR,61.352991458198495,117.02948718729775,83.16827467446336,94.91511258899905,137.12109473829224,592332.0,97.2548869153789,107.13805649373387,103.72694680141657
592454,2026,0.13435285,0.10096153846153846,208,21,64.0,0.09703063,16.0,0.11234793,128.0,0.15576458,"Kahnle, Tommy",BOS,56.18493623190957,109.27740434786435,95.61663175531731,80.38673478104681,113.31235927886999,592454.0,90.20785714285712,91.53178571428572,82.51761904761904
592662,2026,0.12407456,0.11492689561373683,2941,338,1371.0,0.10859293,1033.0,0.1537857,536.0,0.10657044,"Ray, Robbie",SF,50.67416668290451,101.01125002435677,106.01585755081075,100.84402198847862,93.26295544840863,592662.0,94.03525110467389,89.84993948578379,86.33847802596809
592773,2026,0.14613794,0.14431082331174838,1081,156,656.0,0.13303807,253.0,0.16979685,170.0,0.16203102,"Stanek, Ryne",STL,62.501356468182195,118.75203470227329,123.7289606373131,109.49064911473168,116.30499228373803,592773.0,107.53575532900831,95.23994439295639,101.23909175162188
592779,2026,0.13534562,0.13695090439276486,387,53,230.0,0.11076667,95.0,0.19648723,57.0,0.13480958,"Stewart, Brock",LAD,56.568925638176864,109.8533884572653,107.34179391136249,122.29565175372471,104.87491847372073,592779.0,107.33687865722206,102.90212909818848,110.2668492594562
592791,2026,0.11383625,0.12065573770491804,1525,184,855.0,0.09554855,426.0,0.1450824,240.0,0.12328124,"Taillon, Jameson",CHC,43.81506376809043,90.72259565213565,94.60365527167599,95.97536615625681,99.7771804035078,592791.0,92.14981448027669,98.97128926581618,95.63036045533165
592836,2026,0.1039806,0.07547169811320754,424,32,222.0,0.08449436,104.0,0.11484309,98.0,0.13659537,"Walker, Taijuan",PHI,37.22001627165666,80.83002440748498,85.71701797325215,81.57135803347303,105.22864480949329,592836.0,88.57404911441634,93.05105021811111,82.40158012298313
592866,2026,0.12272357,0.13424124513618677,514,69,285.0,0.088837534,170.0,0.17104654,59.0,0.1471747,"Williams, Trevor",WSH,49.79632237109553,99.69448355664329,89.50260482372522,110.14762519494283,110.20493191448213,592866.0,92.90486048140527,91.19134398443663,83.70103469659445
593958,2026,0.11016845,0.10691003911342895,3068,328,1880.0,0.089891136,375.0,0.12927301,811.0,0.14848989,"Rodriguez, Eduardo",AZ,41.38113538912092,87.07170308368138,90.10758874606086,87.68216079502277,110.77400696760832,593958.0,92.42805373525556,108.60715596330276,102.00865006553077
593974,2026,0.13860522,0.11460855528652139,1239,142,629.0,0.11251943,183.0,0.1432823,421.0,0.17622711,"Peralta, Wandy",SD,58.30510878205399,112.45766317308099,108.38877925560385,95.16966741611694,122.43072773816398,593974.0,101.17628019056326,106.17865999281024,107.62923750195071
594027,2026,0.15764743,0.13562091503267973,612,83,523.0,0.15536928,58.0,0.18303265,26.0,0.15972432,"Guerrero, Tyron",BOS,67.43478881877284,126.15218322815926,135.1368997737858,115.75418871113044,114.87127101405547,594027.0,112.96602254428336,105.93024154589375,115.51697262479868
594580,2026,0.13401276,0.09442446043165467,1112,105,529.0,0.112341836,392.0,0.16455154,183.0,0.13142492,"Moll, Sam",CIN,56.071520656369565,109.10728098455435,108.22085820615423,106.54033527097788,103.7714537713732,594580.0,101.53355201499532,93.40566073102151,97.04562324273665
594798,2026,0.15626745,0.17073170731707318,2747,469,1243.0,0.11210101,1119.0,0.21653828,373.0,0.123881735,"deGrom, Jacob",TEX,66.88840500979971,125.33260751469956,108.05396116457715,129.07727211350107,100.05570297857406,594798.0,108.76617528419514,108.26707004033739,117.66787678767872
594835,2026,0.109381646,0.07317073170731707,205,15,100.0,0.07529145,54.0,0.13905743,47.0,0.14929006,"Gonzales, Marco",TEX,41.058656265725354,86.58798439858803,77.67448138978618,92.4912984179989,110.99142749426744,594835.0,92.62837606837607,99.23521367521369,89.89760683760687
595014,2026,0.15420912,0.12548262548262548,518,65,304.0,0.12063072,207.0,0.20576929,2.0,0.04625848,"Treinen, Blake",LAD,65.81560225711833,123.7234033856775,115.2174811867615,125.76171276300119,71.53929709570963,595014.0,108.10542857142855,104.7633469387755,109.00073469387755
595345,2026,0.1447905,0.15498154981549817,1084,168,356.0,0.0882711,725.0,0.17301878,2.0,0.022974286,"Okert, Steven",HOU,61.9714510997237,117.95717664958555,88.81673512740593,111.33122539540705,65.70178073033529,595345.0,114.00944626024001,105.23592447610866,115.0726150333016
595978,2026,0.051714867,0.03636363636363636,55,2,0.0,0.0,0.0,0.0,15.0,0.048875157,"Hedges, Austin",CLE,29.331681374612486,68.99752206191873,,,72.49128046276128,595978.0,66.66654545454546,109.09999999999998,79.52763636363636
596001,2026,0.12160475,0.08177570093457943,856,70,314.0,0.0831694,360.0,0.15052482,171.0,0.13114648,"Junis, Jakob",TEX,49.20016023453289,98.80024035179933,84.62096474580784,99.59021171803867,103.65657999193134,596001.0,94.45648509112587,105.4206291022986,99.43901073582684
596133,2026,0.14127342,0.1573389651531151,947,149,624.0,0.12585428,1.0,0.1732873,317.0,0.17187007,"Weaver, Luke",NYM,59.516983232420536,114.27547484863081,118.87904798749331,111.52453238469718,120.7087355372699,596133.0,101.0543184764167,106.14757330079127,108.05110314334638
596295,2026,0.13589047,0.09210526315789473,76,7,40.0,0.09425332,22.0,0.20792246,14.0,0.14166066,"Gomber, Austin",TEX,57.00283938888247,110.5042590833237,94.08808102427305,127.12903357468596,107.67490206893495,,,,
601713,2026,0.12425373,0.10785824345146379,649,70,424.0,0.12235747,225.0,0.12782711,0.0,0.0,"Pivetta, Nick",SD,50.86272246858807,101.2940837028821,116.56403822098812,87.06383906200489,,601713.0,100.75379549393415,103.1421143847487,102.52863084922011
605130,2026,0.13624527,0.13687600644122383,621,85,169.0,0.07523864,444.0,0.15965877,0.0,0.0,"Barlow, Scott",ATH,57.32685942151178,110.99028913226766,77.5280580147187,104.22488240170597,,605130.0,91.58568493150686,80.67318493150688,73.95863013698629
605135,2026,0.11672076,0.09502262443438914,1768,168,1141.0,0.09868107,537.0,0.16135083,88.0,0.08011261,"Bassitt, Chris",BAL,45.686996556386106,93.53049483457916,96.7576060482957,104.98289379571494,81.39348606549534,605135.0,97.88941178151163,100.99992113054653,97.7763901885955
605154,2026,0.105278976,0.0990990990990991,111,11,45.0,0.074097976,57.0,0.13407041,9.0,0.07883822,"Brebbia, John",COL,37.96414948333959,81.94622422500939,76.10171772965424,90.27261729110714,80.90267151885382,605154.0,88.42505263157894,118.52294736842106,98.74526315789475
605182,2026,0.11219848,0.18867924528301888,53,10,34.0,0.113609895,5.0,0.05665666,14.0,0.12860712,"Clevinger, Mike",PIT,42.916855409747846,89.37528311462177,109.53705920480773,60.80455945165583,102.40549339788097,,,,
605218,2026,0.12108622,0.2222222222222222,99,22,53.0,0.12031773,30.0,0.13832845,16.0,0.09130267,"Edwards Jr., Carl",NYM,48.66439347375687,97.9965902106353,115.05767331557962,92.21683717409098,85.6655517791876,605218.0,88.18121212121213,94.8539393939394,86.0880808080808
605242,2026,0.12001472,0.15737704918032788,305,48,179.0,0.121044606,87.0,0.12732455,35.0,0.09637441,"Fulmer, Michael",NYY,47.708469984897654,96.56270497734648,115.46048504853378,86.63913069221525,88.11453186943783,605242.0,100.04861341783217,90.08004006410256,84.54622049825177
605280,2026,0.11777237,0.09851301115241635,1614,159,976.0,0.12480333,407.0,0.11579603,230.0,0.0918433,"Holmes, Clay",NYM,46.3652488635712,94.54787329535681,118.46227550092905,81.87515625040858,86.18461529339689,605280.0,96.39098195119901,99.1518558026748,95.44334412769821
605288,2026,0.112135254,0.08342541436464089,1810,151,1216.0,0.102535725,311.0,0.13567188,282.0,0.127866,"Houser, Adrian",SF,42.79553291103849,89.19329936655774,100.57637819034022,90.91806387241373,102.23637157735354,605288.0,89.80066475887656,108.06225594895976,99.95438524510037
605335,2026,0.118174076,0.11,100,11,37.0,0.07288789,35.0,0.12586379,27.0,0.17324813,"Leibrandt, Brandon",CIN,46.69801526254409,95.04702289381613,75.01542269421117,85.7557684618647,121.61261382274024,605335.0,88.10824742268042,94.13835051546391,87.51505154639176
605400,2026,0.12433368,0.12326961107448912,3034,374,1509.0,0.081745304,1022.0,0.18062188,494.0,0.13821205,"Nola, Aaron",PHI,50.95711131288711,101.43566696933067,83.52402711336231,115.09976352948956,105.94514820758562,605400.0,104.25015311330387,103.9604014971078,107.40692752636951
605447,2026,0.13671312,0.12809315866084425,687,88,281.0,0.086733766,391.0,0.1743976,10.0,0.075909846,"Romano, Jordan",COL,57.61681700020044,111.42522550030066,87.57303027128299,111.9832264496993,79.4347793434356,605447.0,89.98528766570219,90.05864020517313,80.31782432656436
605452,2026,0.13520384,0.15942028985507245,207,33,91.0,0.106346,72.0,0.18091658,42.0,0.12479488,"Ross, Joe",TEX,56.45273442247319,109.67910163370979,104.13339416645562,115.34175138037068,100.44568837399456,605452.0,90.1742030494383,102.36301890873061,96.04834624679678
605483,2026,0.1557028,0.1725067385444744,742,128,367.0,0.124645315,242.0,0.16790967,132.0,0.22059654,"Snell, Blake",LAD,66.63311989395649,124.94967984093473,118.25913452107447,108.45288642147199,136.03316813080514,605483.0,118.67215155615696,105.34944519621111,119.91759133964817
605488,2026,0.12110011,0.10661322645290582,2495,266,1184.0,0.079721525,687.0,0.1342597,624.0,0.18512513,"Springs, Jeffrey",ATH,48.69600042229892,98.04400063344838,81.8411915103901,90.45039102800682,126.93075503529431,605488.0,96.47360129922856,100.04734876167274,96.6314494518879
605540,2026,0.10863287,0.11975116640746501,643,77,470.0,0.10128565,33.0,0.10144038,136.0,0.1350062,"Woodruff, Brandon",MIL,40.483016767579464,85.72452515136919,99.32749899381758,73.3516331439794,104.93367963498584,605540.0,95.00323390894818,104.81626373626374,99.06216640502353
606303,2026,0.14842223,0.12626262626262627,198,25,101.0,0.0955674,91.0,0.2107494,6.0,0.092849694,"Payamps, Joel",ATL,63.681983434644124,120.5229751519662,94.70599020809625,127.63928935890145,86.77002691993943,606303.0,96.0841059602649,101.73642384105963,99.32450331125828
606965,2026,0.12848768,0.08955223880597014,134,12,60.0,0.08849875,15.0,0.11088453,59.0,0.17362976,"Devenski, Chris",NYM,53.20288025110139,104.80432037665209,89.00606003451783,79.6855159674739,121.93205322915944,606965.0,102.42253731343283,94.17761194029853,93.85492537313434
606996,2026,0.14452863,0.09807516040329972,1091,107,443.0,0.10589251,429.0,0.16585048,219.0,0.18091553,"Hart, Kyle",SD,61.71868140367772,117.57802210551658,103.73577992659081,106.96712027876453,124.0985896142604,606996.0,106.1135896060552,94.92694093807731,102.73447076703027
607067,2026,0.10206139,0.09379070777247069,2303,216,1300.0,0.07302169,584.0,0.13617855,419.0,0.14460838,"Rea, Colin",CHC,36.074304621308826,79.11145693196323,75.39197644976113,91.09116593657633,108.90819515899084,607067.0,93.83018438393442,99.18230377792308,93.90006472163952
607074,2026,0.13917178,0.14325452016689846,1438,206,839.0,0.11641404,390.0,0.18803462,209.0,0.13934994,"Rodón, Carlos",NYY,58.71007606231892,113.06511409347837,112.15824005978435,118.74019362944651,106.49148155633935,607074.0,107.62972784368463,89.60748080949057,95.92090718771807
607192,2026,0.12159112,0.13987138263665594,1244,174,680.0,0.09338423,557.0,0.15651892,0.0,0.0,"Glasnow, Tyler",LAD,49.16872299181264,98.75308448771897,93.30117693240732,102.54285772853898,,607192.0,100.87818340611356,96.19034061135375,100.72305676855896
607200,2026,0.12491155,0.07679603633360858,2422,186,1215.0,0.105018996,925.0,0.15804243,273.0,0.10149893,"Fedde, Erick",CWS,51.24082441961782,101.86123662942674,103.29156622307963,103.08253861143203,90.95856181955415,607200.0,89.27056304714185,108.38284970810221,98.98522814267388
607259,2026,0.12245862,0.08707326428845416,2607,227,1723.0,0.107965425,210.0,0.11078259,671.0,0.16325244,"Martinez, Nick",TB,49.608239144969026,99.41235871745354,105.55032112967321,79.56424915872971,116.71328713621347,607259.0,98.20884294234594,107.03378926441347,104.01383697813118
607455,2026,0.13916694,0.11848341232227488,633,75,334.0,0.103420414,258.0,0.18776087,39.0,0.1294105,"Banda, Anthony",MIN,58.66438023191307,112.9965703478696,101.44281270447776,118.63544892502429,102.80134181595605,607455.0,103.4177414075287,88.5445499181669,91.77368248772504
607481,2026,0.11767827,0.09198813056379822,337,31,193.0,0.09667786,143.0,0.14666215,0.0,0.0,"Bummer, Aaron",ATL,46.2982217775343,94.44733266630145,95.36543428168397,97.21228269563618,,607481.0,103.54705918996423,80.82677242312607,83.2472372646525
607536,2026,0.1087496,0.1111111111111111,2250,250,1221.0,0.088057,722.0,0.14862153,307.0,0.09727772,"Freeland, Kyle",COL,40.72659937786706,86.0898990668006,88.75323034418405,98.43049816578886,88.93558506115392,607536.0,89.96524049473204,103.42200641319286,93.59708657810353
607625,2026,0.10387434,0.08432505950357022,2941,248,1532.0,0.08523605,1146.0,0.12678303,262.0,0.11291325,"Lugo, Seth",KC,37.004347025496486,80.50652053824473,86.45536904601833,86.34994320087935,95.47611716087138,607625.0,89.86343837535016,103.20736694677868,93.78519607843143
608032,2026,0.08548702,0.07692307692307693,65,5,35.0,0.07432915,16.0,0.0952218,14.0,0.10225624,"Estévez, Carlos",KC,30.90906258798023,71.36359388197035,76.2710393626869,70.26418882772779,91.29036381645416,608032.0,80.16666666666667,61.62666666666667,45.99111111111111
608331,2026,0.11527117,0.11438679245283019,1696,194,1034.0,0.114925414,456.0,0.11730978,206.0,0.11249405,"Fried, Max",NYY,44.80984596921525,92.21476895382288,111.05685238338512,82.65100275833674,95.18376797135151,608331.0,106.5348139397519,101.51423508564679,109.47269935026581
608337,2026,0.096990466,0.09747292418772563,554,54,229.0,0.069639996,131.0,0.11646593,191.0,0.1173356,"Giolito, Lucas",SD,33.61176387225693,75.4176458083854,72.06752340320318,82.46142766577478,97.02842595926411,608337.0,86.93123617861556,90.60035878661596,82.13301688513071
608344,2026,0.11060583,0.09803921568627451,102,10,73.0,0.113739885,7.0,0.122573696,22.0,0.096398465,"Irvin, Cole",LAD,41.78304111897062,87.67456167845593,109.65490637912384,84.73935256491559,88.19062408497288,608344.0,89.26843137254903,82.32019607843137,68.78019607843137
608371,2026,0.12241865,0.10326086956521739,184,19,85.0,0.075137034,95.0,0.16379364,4.0,0.14449693,"Sims, Lucas",CWS,49.514149697425204,99.2712245461378,77.22861121553458,106.06643178723071,108.84183696774667,608371.0,100.22242774566475,79.48393063583816,79.47248554913295
608372,2026,0.112023935,0.09275584515139901,2609,242,1314.0,0.0831836,740.0,0.14233492,550.0,0.14081255,"Sugano, Tomoyuki",COL,42.67314057848822,89.00971086773234,84.7825188132385,94.55624057290966,107.54818883381182,608372.0,82.23199363310783,103.21710306406682,89.02302427377634
608379,2026,0.1131652,0.10580314203270279,3119,330,1765.0,0.09559307,577.0,0.10991163,774.0,0.15594694,"Wacha, Michael",KC,43.31398945912874,89.97098418869311,94.757065125328,78.40702793592315,113.56196546163774,608379.0,98.45094938802512,100.94230896460475,98.88186569632812
608566,2026,0.10923944,0.1048951048951049,1001,105,511.0,0.07248146,459.0,0.15417048,29.0,0.051214717,"Márquez, Germán",SD,41.01182730614083,86.51774095921124,73.99810906771845,101.03722035970084,73.06924496470569,608566.0,87.21579320687881,98.73832737245044,86.19440215962977
608650,2026,0.11326998,0.10703363914373089,327,35,208.0,0.11889244,46.0,0.10054895,73.0,0.1052658,"Enns, Dietrich",BAL,43.46990261054548,90.20485391581822,113.90959344824222,72.87096642531405,92.89117053142698,608650.0,99.81065743944639,86.25024221453286,85.42415224913495
608718,2026,0.1060202,0.10977917981072555,1585,174,951.0,0.09714694,201.0,0.112178616,425.0,0.122584276,"Suter, Brent",LAA,38.343352068769406,82.51502810315411,95.71676362331112,80.27284120662699,99.49858097754617,608718.0,98.34406008501954,107.69739645608237,101.58839225714983
608723,2026,0.09990328,0.06976744186046512,215,15,132.0,0.09034927,74.0,0.11939169,8.0,0.08752582,"Voth, Austin",TOR,34.90809080215955,77.36213620323932,90.46294079519227,83.29368578163795,84.28573565905687,608723.0,91.40520930232557,85.07665116279071,79.89088372093023
615698,2026,0.12066981,0.09501187648456057,1684,160,1166.0,0.11100068,132.0,0.10643477,382.0,0.15504587,"Quantrill, Cal",TEX,48.15664160775068,97.23496241162601,107.39597215222656,76.29971819281002,113.06638599404748,615698.0,88.87741176833684,107.50828627797779,95.9401616416566
621016,2026,0.111597426,0.12578616352201258,477,60,349.0,0.106044084,122.0,0.12691438,2.0,0.12994854,"Cuas, Jose",KC,42.42499389044646,88.6374908356697,103.93424148087433,86.42271287457244,102.9147885136886,621016.0,103.12891257995743,93.94703624733481,94.98277185501064
621053,2026,0.12810385,0.13651877133105803,293,40,189.0,0.10572175,86.0,0.17914362,18.0,0.11925929,"Ferguson, Tyler",CHC,52.90740231190969,104.36110346786454,103.6862679041376,114.54985585763103,97.87621724446413,621053.0,103.75385665529006,103.49651877133107,101.17290102389077
621074,2026,0.1495506,0.121251629726206,767,93,513.0,0.13544518,249.0,0.1805456,5.0,0.053215228,"Rucker, Michael",SEA,64.09288086898172,121.13932130347258,125.17891265497488,115.0199694628854,73.86768835385324,621074.0,102.99751978891828,108.54145118733507,110.52865435356199
621097,2026,0.104265824,0.11607142857142858,672,78,499.0,0.113204926,40.0,0.09179183,133.0,0.07447896,"Waguespack, Jacob",DET,37.42989959855039,81.1448493978256,108.9563566343752,69.15393979405914,78.69731396093547,621097.0,91.94854683040408,92.82062753492565,83.68703235316208
621107,2026,0.12964475,0.1597222222222222,144,23,77.0,0.10816998,41.0,0.17093943,26.0,0.12812461,"Eflin, Zach",BAL,53.83633644369111,105.75450466553667,105.75653987867733,109.84666061370272,102.29271287468819,621107.0,95.31108108108107,106.5945945945946,98.33054054054054
621111,2026,0.105235346,0.08797327394209355,2694,237,1716.0,0.09332548,706.0,0.13626379,263.0,0.09955005,"Buehler, Walker",SD,37.89924699830699,81.8488704974605,93.19489778980842,91.2630896018905,90.07414064291868,621111.0,95.08124711316395,100.67849884526561,97.2847267128561
621112,2026,0.110291526,0.1022816679779701,1271,130,712.0,0.104299836,286.0,0.1361796,268.0,0.098796844,"Blackburn, Paul",NYY,41.60609120122042,87.40913680183064,102.31409213291577,91.14860284227908,89.72474832287347,621112.0,92.94515531690874,99.70005822933122,96.17751630871929
621121,2026,0.10887225,0.11601513240857503,793,92,422.0,0.09081451,253.0,0.13245246,118.0,0.12289403,"McCullers Jr., Lance",HOU,40.774658005017855,86.16198700752679,90.81301903979097,89.36211494521929,99.61003612283,621121.0,96.81432534678432,96.13941992433796,96.21616645649434
621237,2026,0.1623411,0.11941580756013746,1164,139,1119.0,0.1646462,29.0,0.104286596,0.0,0.0,"Alvarado, José",PHI,68.71686415656288,128.0752962348443,137.9095340010069,74.84862461948784,,621237.0,114.66860692102927,94.1861756876664,113.83618456078078
621242,2026,0.13953836,0.117096018735363,427,50,236.0,0.08767556,184.0,0.20684043,0.0,0.0,"Díaz, Edwin",LAD,58.89471003777432,113.34206505666148,88.3678677867436,126.19360225563088,,621242.0,107.85474747474748,97.33742424242425,105.93752525252528
621345,2026,0.116440244,0.12076583210603829,679,82,590.0,0.11979542,0.0,0.0,87.0,0.09393954,"Minter, A.J.",NYM,45.44500601210668,93.16750901816002,114.6654377021076,,87.09566158886872,621345.0,103.64461044675674,104.14990435723108,106.95244541019305
621366,2026,0.13611034,0.13766233766233765,385,53,151.0,0.11761568,179.0,0.15524027,50.0,0.12659293,"Borucki, Ryan",SF,57.20446708896151,110.80670063344226,112.83772336242455,101.76351441460952,101.4505316723934,621366.0,98.37368421052632,91.84031578947369,93.78747368421052
621381,2026,0.10731565,0.11624441132637854,671,78,409.0,0.0919662,185.0,0.14616352,76.0,0.09623873,"Strahm, Matt",KC,39.39132233864635,84.08698350796952,91.94603883542285,96.76961011746992,87.96142167911037,621381.0,103.84696343402226,94.8614308426073,98.14416534181245
621383,2026,0.115773596,0.11444921316165951,699,80,258.0,0.0941139,403.0,0.1310057,34.0,0.09802138,"Banks, Tanner",PHI,45.12988244092376,92.69482366138564,93.67056195332947,88.28022741440958,89.36968979523381,621383.0,100.71096023074172,102.69879534305987,101.0422250292989
622088,2026,0.13897277,0.1261930010604454,943,119,327.0,0.10481617,607.0,0.1581832,0.0,0.0,"Antone, Tejay",CIN,58.573526847849394,112.86029027177409,103.04604731200575,103.18107195490823,,622088.0,100.28679203539822,96.91035398230088,95.166703539823
622491,2026,0.121704884,0.12459150326797386,2448,305,1486.0,0.09678621,596.0,0.17448501,360.0,0.1373667,"Castillo, Luis",SEA,49.26301132570163,98.89451698855245,95.41577560300982,112.11634755141365,105.70488462645447,622491.0,95.54418266118272,107.91343680709338,101.73833238443191
622554,2026,0.117207654,0.13024475524475523,1144,149,676.0,0.09421475,332.0,0.15093729,128.0,0.15190488,"Domínguez, Seranthony",CWS,45.96050697074013,93.94076045611018,93.879914218018,99.87948772880793,111.733586388889,622554.0,109.53201438848922,91.36172661870502,100.13543165467622
622608,2026,0.12399529,0.11483654652137469,1193,137,1009.0,0.12380413,123.0,0.1486666,53.0,0.06978161,"Senzatela, Antonio",COL,50.548599990429864,100.8228999856448,117.66893051212637,98.52740405621934,77.22252914111601,622608.0,104.1578541021263,104.8724478629694,105.86740314743629
622663,2026,0.13204588,0.10815450643776824,1165,126,765.0,0.11491547,326.0,0.17951591,74.0,0.10001253,"Severino, Luis",ATH,55.15433683228518,107.73150524842777,110.99393996548217,114.70495528337395,90.21239303368512,622663.0,107.4482428702852,102.14572217111316,108.14853725850966
622694,2026,0.12495987,0.13122171945701358,221,29,89.0,0.08680083,78.0,0.16576512,50.0,0.12958491,"Hernández, Elieser",ATL,51.33560652624313,102.0034097893647,87.64058414607099,106.91346982989177,102.85804472948794,622694.0,102.31788018433181,98.15686635944701,97.36912442396313
623149,2026,0.11443677,0.134009009009009,888,119,510.0,0.08341394,374.0,0.15644552,0.0,0.0,"Sewald, Paul",AZ,44.0784977942616,91.1177466913924,84.94232668442038,102.44510695607985,,623149.0,107.88723747236848,102.49759526253199,107.8685004201649
623168,2026,0.043574166,0.0,64,0,0.0,0.0,0.0,0.0,0.0,0.0,"Heineman, Tyler",TOR,27.388504833679022,66.08275725051854,,,,623168.0,9.099062499999999,103.01500000000001,21.328437500000003
623211,2026,0.115115486,0.12595419847328243,1048,132,621.0,0.11139236,6.0,0.1318475,413.0,0.12109357,"Brazobán, Huascar",NYM,44.66590293758719,91.99885440638079,107.6136623375631,88.986843922106,98.6054222715839,623211.0,95.89060153826858,97.84726016951842,95.08190173390487
623352,2026,0.20720571,0.1834319526627219,676,124,435.0,0.19503292,241.0,0.2291773,0.0,0.0,"Hader, Josh",HOU,80.0,145.0,145.0,135.90969699727765,,623352.0,117.73875555555554,108.98672592592595,124.29173333333335
623381,2026,0.117910944,0.05357142857142857,56,3,39.0,0.112821564,11.0,0.14343137,6.0,0.10420442,"Pannone, Thomas",MIL,46.59858539208162,94.89787808812243,108.72783037164655,95.22040954053438,92.38852244428882,623381.0,102.32327272727274,103.74836363636366,101.12909090909088
623437,2026,0.12819177,0.07268722466960352,454,33,304.0,0.1268217,92.0,0.13581066,57.0,0.1254191,"Topa, Justin",MIN,53.00560048738198,104.50840073107298,120.10778698976972,91.03359810936283,100.61290185834082,623437.0,94.95560386473429,97.78144927536235,94.01584541062805
623454,2026,0.12926055,0.13292204150308468,1783,237,750.0,0.093692996,479.0,0.12220796,552.0,0.18403107,"Anderson, Drew",DET,53.56788695135661,105.35183042703491,93.56542421198955,84.49468020781075,126.39021115240834,623454.0,97.0243878889393,100.23118507296523,98.90748225480473
623465,2026,0.1391353,0.12643678160919541,435,55,266.0,0.11487429,157.0,0.18037301,0.0,0.0,"Phillips, Evan",LAD,58.61886461087908,112.92829691631862,110.8686912694165,114.94059818615243,,623465.0,116.10360189573461,108.33872037914692,120.78507109004742
623474,2026,0.1030552,0.11213991769547325,972,109,298.0,0.08425133,582.0,0.116259284,84.0,0.07629441,"Herget, Jimmy",COL,36.39747392224666,79.59621088336999,85.5651619510665,82.269008990657,79.71629422114965,623474.0,97.94797352738983,91.72120412394796,87.96941371560628
624133,2026,0.11191252,0.09690553745928339,2456,238,1612.0,0.091304675,533.0,0.15642342,308.0,0.14350967,"Suarez, Ranger",BOS,42.59093278881469,88.88639918322204,91.21522976386109,102.39627074070371,108.31700554215966,624133.0,94.36957509465715,105.48542700883469,98.97255363904085
624431,2026,0.04535136,0.03937007874015748,127,5,0.0,0.0,0.0,0.0,49.0,0.04692635,"Trevino, Jose",CIN,28.131023975000513,67.19653596250077,,,71.86933013196926,624431.0,33.37555555555555,105.62682539682541,43.96603174603175
624522,2026,0.09666071,0.1076923076923077,195,21,147.0,0.0925708,35.0,0.12601669,13.0,0.06387288,"Thompson, Keegan",COL,33.490559500123524,75.23583925018528,92.49538033313165,85.98116063389779,75.69671107376422,624522.0,91.26927083333334,105.27312499999996,95.87645833333335
625643,2026,0.1148035,0.09862068965517241,1450,143,779.0,0.08018074,607.0,0.16130342,62.0,0.09707286,"López, Reynaldo",ATL,44.4478849433384,91.6718274150076,82.23460630833478,104.93198354488338,88.64096924914938,625643.0,89.64147272206799,99.00151554344238,89.09053765399516
628452,2026,0.12084218,0.15889830508474576,944,150,530.0,0.0885913,74.0,0.1626781,335.0,0.16287968,"Iglesias, Raisel",ATL,48.347535424282235,97.52130313642336,89.13130873058348,105.65022363713561,116.61005863830586,628452.0,95.84343234323435,106.0174697469747,100.1206600660066
640448,2026,0.14149316,0.12089971883786317,1067,129,549.0,0.10023708,179.0,0.17268264,337.0,0.1927255,"Finnegan, Kyle",DET,59.76634768162624,114.64952152243936,98.46067206242166,110.88730994615152,130.36104808742152,640448.0,98.79293560606064,95.57071969696973,94.78477272727271
640451,2026,0.1457439,0.11403508771929824,114,13,54.0,0.10550665,25.0,0.17289753,35.0,0.1884288,"Harvey, Hunter",CHC,62.365612860164234,118.54841929024636,103.48861511250504,111.013156077894,128.8051180796089,640451.0,105.56236842105262,112.73842105263157,116.78973684210527
640454,2026,0.15104482,0.1116751269035533,197,22,100.0,0.120070994,94.0,0.18822025,1.0,0.0031224403,"Krook, Matt",ATH,64.89902021397695,122.34853032096544,114.82111577280904,118.84586020322038,55.0,640454.0,113.34287723698213,64.7220750261785,74.10642228153392
640455,2026,0.1084657,0.11191335740072202,2493,279,1633.0,0.092435546,752.0,0.1458825,108.0,0.09031574,"Manaea, Sean",NYM,40.28400838806812,85.42601258210219,92.33166543504333,96.62144432064024,85.30976014985823,640455.0,102.24409514726862,98.52242348514399,97.03226491108983
641302,2026,0.1270499,0.09441707717569786,1218,115,705.0,0.09979621,224.0,0.17643078,284.0,0.15620483,"Alexander, Tyler",TEX,52.38813759966372,103.58220639949559,97.83158462141387,113.50483560154953,113.7304763176422,641302.0,100.14200085865112,104.36781875391942,102.60785457703064
641312,2026,0.10948803,0.1188118811881188,404,48,139.0,0.06546892,164.0,0.13908257,101.0,0.12201429,"Anderson, Shaun",LAA,41.10528996222568,86.65793494333852,68.2842884270866,92.54588736974236,98.99660087209436,641312.0,86.47642045454543,96.13198863636363,88.41062499999998
641329,2026,0.14447674,0.14085914085914086,1001,141,525.0,0.12736256,37.0,0.1562584,435.0,0.16418785,"Baker, Bryan",TB,61.5950598101138,117.3925897151707,120.58983031496982,102.2499122481079,117.35004279086631,641329.0,112.99665297741277,102.8537371663244,112.67776180698154
641401,2026,0.13620794,0.132013201320132,303,40,176.0,0.11656394,9.0,0.12893966,117.0,0.16713285,"Brogdon, Connor",CLE,57.24514383492365,110.86771575238548,112.29211173175723,87.54658979794613,118.25107837084371,641401.0,95.54971223021582,96.83474820143881,95.70949640287769
641585,2026,0.083888166,0.06837606837606838,117,8,59.0,0.0760358,40.0,0.09943168,18.0,0.07508535,"France, J.P.",HOU,30.068954510956154,70.10343176643423,78.37653346279268,72.09310426410927,78.848924799904,641585.0,94.84017094017092,74.15692307692306,70.37401709401709
641656,2026,0.132703,0.13043478260869565,92,12,35.0,0.07035346,57.0,0.1709878,0.0,0.0,"Hamilton, Ian",ATL,55.5521150566616,108.3281725849924,72.84485923602341,109.96656442192966,,641656.0,93.77195652173911,84.3286956521739,81.75717391304349
641743,2026,0.13804202,0.1085972850678733,2873,312,1624.0,0.11000367,838.0,0.17549059,407.0,0.17301546,"Kay, Anthony",CWS,58.04254516138806,112.0638177420821,107.07231626381055,112.86638262584117,121.30268603906454,641743.0,103.80562289936582,103.22156374421552,107.78327033821526
641745,2026,0.11620985,0.10270270270270271,555,57,288.0,0.09889541,190.0,0.15036888,77.0,0.09668186,"Keller, Brad",PHI,45.340481972221454,93.01072295833218,96.85584670962658,99.5419871355569,88.34190476608914,641745.0,108.73857142857138,93.6496240601504,102.641015037594
641755,2026,0.16552803,0.11659663865546219,952,111,156.0,0.073363505,777.0,0.18476674,3.0,0.12737188,"Kinley, Tyler",ATL,70.94112048837196,131.41168073255795,75.75363176728766,116.97793531823774,102.01131345987982,641755.0,102.39525214502002,99.74903570883176,100.48490697212952
641778,2026,0.09771772,0.09581497797356828,1816,174,1174.0,0.09418299,371.0,0.10581161,269.0,0.10251663,"Lauer, Eric",LAD,34.18439774288167,76.2765966143225,93.77538965093491,75.60269903708793,91.48740821227975,641778.0,88.13123246667428,103.85013894436283,89.59805043477532
641793,2026,0.111810945,0.08042488619119878,1977,159,789.0,0.084068716,730.0,0.11319571,456.0,0.15808211,"Littell, Zack",WSH,42.549640709776895,88.82446106466534,85.41181189633372,80.7218087216376,114.3344482208124,641793.0,83.12445739040896,100.83728679472716,86.0597050310793
641816,2026,0.12342761,0.10440931780366057,2404,251,1536.0,0.099474125,153.0,0.15053493,713.0,0.16949901,"Mahle, Tyler",SF,50.07833293466601,100.11749940199901,97.345120260675,99.63843206529096,118.84939855023507,641816.0,87.6942312768352,110.68566367471668,101.65004452348768
641835,2026,0.15015705,0.09784560143626571,1114,109,752.0,0.12632692,331.0,0.20701672,23.0,0.11606372,"Mayza, Tim",PHI,64.52905477245267,121.793582158679,119.201462163717,126.6483668560206,96.51533165740125,641835.0,96.71382839378143,112.97790288104277,110.96498104990371
641927,2026,0.09656597,0.09908256880733946,2180,216,759.0,0.07255138,697.0,0.11160104,724.0,0.1072671,"Ober, Bailey",MIN,33.36688010604352,75.05032015906528,74.21120606829354,80.04157730231654,93.50851844366065,641927.0,91.74646672563844,94.62201442857341,88.86618276331778
641941,2026,0.14018387,0.1320754716981132,689,91,564.0,0.13909887,0.0,0.0,123.0,0.14696516,"Pagán, Emilio",CIN,59.129858187838536,113.69478728175781,127.66504911203863,,109.99530230581163,641941.0,103.79619613670127,94.32451708766718,95.18288261515598
642048,2026,0.13773684,0.17201166180758018,343,59,107.0,0.09904067,202.0,0.16765627,34.0,0.081759416,"Saucedo, Tayler",LAA,57.95625053710211,111.93437580565316,97.00295659584351,108.11600204983618,82.43062207218163,642048.0,100.31507331378296,84.47478005865102,86.67753665689152
642100,2026,0.14000286,0.12551724137931033,725,91,522.0,0.118008174,192.0,0.20054825,3.0,0.10753585,"Speier, Gabe",SEA,59.03519959423707,113.5527993913556,113.32945487123358,124.04230278222923,93.75235380540802,642100.0,113.69544011544009,103.23471861471859,111.95962481962486
642121,2026,0.14539497,0.1365953109072375,981,134,558.0,0.12256092,36.0,0.098936036,374.0,0.18491723,"Sulser, Cole",TB,62.166169253766355,118.24925388064953,116.83172532553664,71.81630903944263,126.65615648166961,642121.0,97.07554824400164,104.32393500477903,102.89058549616449
642152,2026,0.110228516,0.13372093023255813,172,23,113.0,0.10850147,32.0,0.13414422,27.0,0.08911204,"Trivino III, Lou",PHI,41.426473152150606,87.13970972822591,105.96385246936478,90.33202590840081,84.85304609037925,642152.0,89.63489883401922,81.32732681755832,73.45840192043894
642207,2026,0.14303698,0.17300131061598953,763,132,410.0,0.09424699,0.0,0.0,349.0,0.20039162,"Williams, Devin",NYM,60.94467485708391,116.41701228562587,94.03614753063522,,133.57825586455112,642207.0,109.3933333333333,99.49733860342556,109.3165480895916
642215,2026,0.045861963,0.016666666666666666,60,1,0.0,0.0,0.0,0.0,0.0,0.0,"Wilson, Weston",BAL,28.461253059385434,67.69187958907816,,,,642215.0,30.949099999999998,92.21936666666667,28.724949999999996
642232,2026,0.13183028,0.11538461538461539,1118,129,641.0,0.09701609,221.0,0.17528784,253.0,0.18274665,"Yarbrough, Ryan",NYY,55.011721112140705,107.51758166821105,95.51630417278389,112.590006193571,125.63852667436332,642232.0,99.63231752378188,102.7314755323772,97.60783234342557
642376,2026,0.13878441,0.16348773841961853,367,60,256.0,0.120944634,73.0,0.19162363,37.0,0.16169664,"Yan, Jefry",NYM,58.34942649154165,112.52413973731248,115.37903525419216,120.3144840325261,116.10530589844663,642376.0,126.15106913030151,71.15532859047731,97.26306220650476
642397,2026,0.14242199,0.11864406779661017,1180,140,649.0,0.102593385,519.0,0.19268243,4.0,0.11845578,"Soto, Gregory",PIT,60.831316329644224,116.24697449446634,100.6244363929532,120.80781154882244,97.53806570415034,642397.0,112.0469344978166,91.0994585152839,98.56129257641928
642528,2026,0.12561065,0.12271805273833672,986,121,565.0,0.11886159,143.0,0.16454357,266.0,0.11899074,"Loáisiga, Jonathan",AZ,51.557247341248676,102.33587101187301,113.83594622450207,106.48736451758636,97.76362842264646,642528.0,106.1189613034623,116.82073319755601,123.67399185336055
642546,2026,0.13834912,0.0975609756097561,451,44,235.0,0.10439329,203.0,0.17934874,7.0,0.121102914,"Hernández, Jonathan",LAD,58.129442894375416,112.19416434156312,102.36269891466593,114.62721008685405,98.66135681686518,642546.0,104.79341404358355,98.79486682808718,102.34406779661022
642547,2026,0.11678666,0.125,2960,370,1568.0,0.09055884,698.0,0.13136642,693.0,0.16156897,"Peralta, Freddy",NYM,45.72135810068625,93.58203715102938,90.58020221740283,88.60454939125222,115.90843365297138,642547.0,96.64300959497844,105.95513209054043,103.57900267804837
642701,2026,0.12655306,0.1235480464625132,947,117,472.0,0.08876153,339.0,0.18457802,130.0,0.11386702,"Santana, Dennis",PIT,52.13098672572898,103.19648008859347,89.31777494232018,116.52823532865918,95.94037540336248,642701.0,90.51732113155738,97.7727688273898,87.67830442119588
642759,2026,0.11256484,0.11267605633802817,71,8,42.0,0.09422724,0.0,0.0,29.0,0.13912275,"Fernández, Julian",WSH,43.156433773084785,89.73465065962718,93.98414244918925,,106.36935348670542,642759.0,90.91718309859156,74.36028169014084,69.41521126760563
643377,2026,0.14138283,0.14417531718569782,1734,250,753.0,0.11336262,584.0,0.17541753,389.0,0.14488174,"Jax, Griffin",TB,59.66588071641273,114.49882107461909,109.24497582682639,112.79688163822307,109.04143818044585,643377.0,104.04093317747659,106.6188167442601,112.96936820140573
643410,2026,0.1265852,0.13793103448275862,580,80,275.0,0.09604072,118.0,0.14629544,186.0,0.15980877,"Leiter Jr., Mark",ATH,52.16305015247959,103.24457522871938,95.16353963829891,96.96667796004763,114.9626037396174,643410.0,91.78790613718402,99.24783393501805,93.5702166064982
643511,2026,0.118267156,0.07129094412331406,1038,74,773.0,0.11556818,245.0,0.12764919,0.0,0.0,"Rogers, Tyler",TOR,46.79711974889861,95.19567962334791,111.56737654814842,86.85280238413525,,643511.0,136.492023692004,98.76100691016786,125.12138203356365
645261,2026,0.11416379,0.10624445102101214,3379,359,1998.0,0.105550855,685.0,0.1288369,696.0,0.12444768,"Alcantara, Sandy",MIA,43.96611092892663,90.94916639338994,103.5379702139503,87.47842159889835,100.27853025792973,645261.0,99.93211327469285,103.19577953159244,102.82903097516953
646241,2026,0.1249181,0.11925287356321838,696,83,500.0,0.1297159,43.0,0.1087933,153.0,0.11377083,"De Jesus, Enmanuel",DET,51.30399957770108,101.95599936655162,122.03889057482367,77.55779685675458,95.88256442261587,646241.0,102.99121804511283,103.78222556390978,104.99858646616536
647315,2026,0.11313164,0.05555555555555555,144,8,107.0,0.1137926,37.0,0.11122023,0.0,0.0,"Pop, Zach",PHI,43.2747573834419,89.91213607516285,109.71405374387467,79.80546939979126,,647315.0,104.99234018155758,92.01601624462496,96.75600582895366
647336,2026,0.121560976,0.11302083333333333,1920,217,1046.0,0.09960805,637.0,0.15820591,235.0,0.12081153,"Soroka, Michael",AZ,49.074360695367105,98.61154104305066,97.49132965592335,103.23038988253008,98.32544268239583,647336.0,94.36044648204066,103.53744749461659,96.49370557204422
650556,2026,0.13674513,0.1392857142857143,1120,156,616.0,0.100882836,502.0,0.1808683,2.0,0.107415855,"Abreu, Bryan",HOU,57.65876147038185,111.48814220557277,98.84639102451891,115.26064743508441,93.63064651329456,650556.0,101.26982520699171,86.03287948482058,89.1125482980681
650633,2026,0.11464014,0.11372022811137203,2981,339,1435.0,0.10700638,758.0,0.1319449,788.0,0.11189578,"King, Michael",SD,44.264169729007634,91.39625459351146,104.68495929460919,89.04986333271695,95.06632036501416,650633.0,94.85447997307303,101.25590037024571,97.20145405587343
650644,2026,0.122260496,0.09453781512605042,1904,180,1217.0,0.1062351,542.0,0.15515444,137.0,0.13447793,"Civale, Aaron",ATH,49.451400009570136,99.1771000143552,104.08353901959444,101.71498487278137,104.58221182149097,650644.0,96.44787197438053,108.70472375105754,103.41327697718928
650911,2026,0.14762194,0.15492518703241895,3208,497,1426.0,0.121366195,598.0,0.17630866,1184.0,0.16475543,"Sánchez, Cristopher",PHI,63.14285931004106,119.7142889650616,115.70761577046082,113.43269778200832,117.45924373229897,650911.0,116.66963647959177,96.90625000000004,113.37563775510199
650960,2026,0.13172004,0.11702127659574468,470,55,298.0,0.11340132,123.0,0.18942414,49.0,0.0982787,"Duarte, Daniel",NYM,54.97622701317952,107.46434051976928,109.36138268746079,119.1686121601773,89.51241754336108,650960.0,100.10836206896546,103.19775862068965,98.52659482758621
655889,2026,0.12972566,0.09859154929577464,142,14,73.0,0.09682748,65.0,0.16609442,0.0,0.0,"Rodríguez, Manuel",TB,53.90387540076805,105.85581310115208,95.46606534347143,107.12861125769867,,655889.0,96.02671532846716,59.81445255474453,61.0217518248175
656212,2026,0.10952908,0.06467661691542288,201,13,110.0,0.07357182,55.0,0.14975835,36.0,0.15793708,"Barnes, Charlie",LAD,41.15173102304181,86.72759653456272,75.92929498659328,99.05939833085179,114.24675395445163,656212.0,76.46298507462687,91.30228855721393,73.75701492537313
656222,2026,0.09241329,0.10550458715596331,436,46,261.0,0.09572,0.0,0.0,171.0,0.086268626,"Beeks, Jalen",TEX,32.118387743318884,73.17758161497832,94.85903354929322,,83.89469410155338,656222.0,88.71261083743845,100.64674876847283,91.3207881773399
656234,2026,0.13164519,0.11271676300578035,692,78,341.0,0.10354216,344.0,0.15967155,6.0,0.13990082,"Bird, Jake",NYY,54.905425896905896,107.35813884535884,101.58760921332593,104.27506101354523,106.67548690331394,656234.0,110.33364059541347,96.8630614874816,103.88968309488746
656240,2026,0.13395937,0.1353135313531353,606,82,410.0,0.116974376,150.0,0.18382308,41.0,0.12503451,"Blewett, Scott",ATH,56.033889071073375,109.05083360661007,112.42696972871701,116.26540282883624,100.50141902245383,656240.0,93.78797094017096,104.28685963912635,99.49144292497621
656271,2026,0.12042482,0.12812248186946013,1241,159,660.0,0.092239596,342.0,0.16824612,214.0,0.1304678,"Burke, Brock",CIN,47.99705162726289,96.99557744089434,92.22201367967637,108.6798577305639,103.3132132021446,656271.0,104.68562659846545,91.8738618925832,97.04743393009376
656288,2026,0.11204963,0.1145631067961165,1545,177,614.0,0.08265348,544.0,0.14216319,386.0,0.11655515,"Canning, Griffin",SD,42.75485616507635,89.13228424761452,84.29238422953918,94.3497763628644,96.74384134690615,656288.0,91.12681347730093,96.54393001240057,90.88097335390017
656302,2026,0.1442583,0.15340718361866398,2979,457,1331.0,0.12142106,1304.0,0.1788983,343.0,0.101493925,"Cease, Dylan",TOR,61.41288226355532,117.11932339533297,115.7909459553521,114.47288664641877,90.89167247884626,656302.0,104.73518172377987,97.59113187954308,103.12857043959842
656427,2026,0.10675162,0.12048192771084337,1743,210,933.0,0.064745225,758.0,0.1602789,48.0,0.07673966,"Flaherty, Jack",DET,38.88260102140802,83.32390153211203,67.32358294461943,104.37556255226673,79.85441099050618,656427.0,99.74602459818078,94.79815945619927,94.41141207250679
656457,2026,0.12348362,0.08450704225352113,142,12,88.0,0.11773209,50.0,0.14077686,3.0,0.037112884,"Gilbert, Tyler",CWS,50.141002512593424,100.21150376889014,113.04674779433311,93.45966472902212,69.63895191257849,656457.0,104.34345969498911,94.52597821350763,94.52583006535947
656464,2026,0.16410048,0.14804964539007093,1128,167,581.0,0.105704844,538.0,0.2282598,2.0,0.113533236,"Ginkel, Kevin",AZ,69.93104548904385,129.89656823356577,103.63679601220262,135.11540706445675,95.82469221721806,656464.0,95.38946314831668,111.2895359417652,105.18793448589629
656492,2026,0.11334553,0.11294198420871954,2913,329,1709.0,0.099118516,697.0,0.14880414,505.0,0.1128979,"Griffin, Foster",WSH,43.54726557752681,90.32089836629021,97.14977877230157,98.57583371056221,95.41778817850903,656492.0,97.65954339904735,102.20560662973573,98.45910144116725
656529,2026,0.112183705,0.11544011544011544,693,80,415.0,0.09321725,272.0,0.14147693,0.0,0.0,"Hentges, Sam",SF,42.83609079979772,89.25413619969657,93.14163016881392,93.8287949269426,,656529.0,98.08960583941604,87.98154744525547,87.00029197080292
656546,2026,0.15522319,0.18663406682966585,1227,229,431.0,0.095710814,540.0,0.19520733,240.0,0.17456521,"Hoffman, Jeff",TOR,66.50944049987649,124.76416074981474,94.80807932811477,121.45799494504325,122.09557271958758,656546.0,106.11454995871183,96.19007431874485,102.25524360033027
656550,2026,0.14196195,0.1307348761672757,2463,322,1201.0,0.0891368,1082.0,0.20511982,177.0,0.11619179,"Holmes, Grant",ATL,60.39117700057012,115.58676550085518,89.8071695043372,125.55354291116892,96.57253286537856,656550.0,88.07944890948542,99.32736010886762,90.19164378241199
656557,2026,0.14493872,0.02,50,1,26.0,0.10334851,13.0,0.18764432,11.0,0.19277263,"Houck, Tanner",BOS,62.03585051666041,118.05377577499061,101.29815051872524,118.53160512341879,130.80623365947733,656557.0,89.7764,114.5224,102.7528
656605,2026,0.10692074,0.09540816326530613,1960,187,1113.0,0.093059644,672.0,0.13262619,174.0,0.09670709,"Keller, Mitch",PIT,38.99811499686012,83.49717249529017,92.98130367407427,89.54726832202503,88.41710178716973,656605.0,91.61784386617099,101.11721720658524,93.45706850770051
656638,2026,0.12849507,0.12425021422450729,1167,145,548.0,0.1054812,366.0,0.16766512,253.0,0.12167827,"Lange, Alex",KC,53.23587965906126,104.8538194885919,103.43929775120928,108.1718613667264,98.82905195852169,656638.0,95.53160791057608,95.99104041272575,95.62325021496133
656641,2026,0.13964902,0.1630901287553648,1165,190,635.0,0.13188888,275.0,0.16595343,231.0,0.1310473,"Latz, Jacob",TEX,58.941343734274646,113.41201560141197,123.23833860462686,107.02086000494613,103.59922384292871,656641.0,113.46016622715196,100.88616461336129,110.63419578871088
656686,2026,0.11528297,0.16129032258064516,124,20,70.0,0.09006488,45.0,0.15920947,9.0,0.09179105,"Martin, Corbin",CHC,44.84566316771482,92.26849475157223,90.28594625612534,103.87491868608551,86.01345604493531,656686.0,93.50738738738741,89.07513513513514,85.66558558558556
656716,2026,0.029144099,0.06779661016949153,59,4,0.0,0.0,0.0,0.0,0.0,0.0,"McKinstry, Zach",DET,21.015398834504865,56.5230982517573,,,,656716.0,3.865263157894734,54.31263157894736,-29.218596491228066
656730,2026,0.17762023,0.16089385474860335,895,144,571.0,0.15062958,312.0,0.22961871,0.0,0.0,"Megill, Trevor",MIL,74.03251662556157,136.04877493834235,132.67641705538057,136.8196037443291,,656730.0,114.59515499425952,99.69145809414469,110.69067738231918
656756,2026,0.11787082,0.09785202863961814,419,41,227.0,0.102804564,136.0,0.15057898,51.0,0.098770246,"Montgomery, Jordan",TEX,46.532112107717964,94.79816816157694,100.76865144641133,99.73486204976838,89.6542020100372,656756.0,90.20207729468602,108.23850241545895,95.80826086956519
656786,2026,0.11350486,0.05844155844155844,154,9,81.0,0.08469116,68.0,0.14553726,5.0,0.14464588,"Mushinski, Parker",COL,43.70084696888042,90.55127045332063,85.86742406168267,96.42337321478514,108.97472815013266,656786.0,101.57333333333332,83.8768115942029,86.62507246376812
656794,2026,0.11660468,0.10775295663600526,1522,164,932.0,0.10932418,538.0,0.12769033,42.0,0.13567638,"Newcomb, Sean",CWS,45.618119907271144,93.42717986090672,106.38196772505799,86.92343541715061,105.05143049326664,656794.0,103.63615489130434,97.39597962697822,99.24529479353758
656848,2026,0.1588833,0.14751286449399656,1166,172,712.0,0.15307814,309.0,0.19121207,137.0,0.11734408,"Petersen, Michael",MIA,67.57985362067888,126.36978043101831,134.43069737183237,119.95842269768346,97.0852114863114,656848.0,113.03511688311691,101.56432900432902,112.76843290043287
656849,2026,0.12095565,0.10645792563600782,2555,272,1394.0,0.10675681,824.0,0.14736314,334.0,0.11587951,"Peterson, David",CHC,48.50615193671753,97.7592279050763,104.53393465652857,97.7500877518921,96.45807972981991,656849.0,88.60611867045986,101.93040269538399,94.63750607510632
656876,2026,0.14544144,0.12518796992481204,2660,333,2146.0,0.15183051,160.0,0.11074904,354.0,0.12239009,"Rasmussen, Drew",TB,62.29858759216589,118.44788138824883,133.21193125991115,79.44163179075976,99.33134441045016,656876.0,110.14188323917138,105.98637288135595,113.6916534839925
656945,2026,0.18446733,0.1952191235059761,1004,196,484.0,0.12290608,504.0,0.24542905,0.0,0.0,"Scott, Tanner",LAD,74.63729075738948,136.95593613608423,117.1048830578107,143.3576734103761,,656945.0,120.94354535974973,104.38525547445259,119.77526590198121
656986,2026,0.16826665,0.14821763602251406,533,79,173.0,0.09335212,360.0,0.20426725,0.0,0.0,"Sousa, Bennett",HOU,71.86897602499948,132.80346403749923,93.24807973048337,125.15137538051218,,656986.0,106.3162101313321,89.19437148217638,95.3600375234521
657044,2026,0.1549712,0.09078014184397164,705,64,463.0,0.15972523,229.0,0.14692444,0.0,0.0,"Thompson, Ryan",AZ,66.26939253770544,124.40408880655816,136.84030098667228,97.40822661917248,,657044.0,121.4617378048781,101.61923780487804,117.0685365853659
657097,2026,0.121638194,0.16652286453839515,1159,193,497.0,0.08517477,213.0,0.12332208,449.0,0.16120091,"Webb, Jacob",CHC,49.23158957440248,98.84738436160372,86.23736896715815,85.21690247073215,115.6181602745279,657097.0,97.24852713178295,106.8170198105082,102.50637381567614
657265,2026,0.12324004,0.09252669039145907,281,26,147.0,0.113975994,107.0,0.14373255,27.0,0.09246659,"Strzelecki, Peter",STL,50.015666433124984,100.02349964968748,110.01209648485222,95.32173057646318,86.60485096265964,657265.0,95.599203187251,93.61737051792831,89.99338645418327
657277,2026,0.12769507,0.10204901566894335,2489,254,1393.0,0.104041815,499.0,0.12933132,596.0,0.18178645,"Webb, Logan",SF,52.6144416792067,103.92166251881005,102.21695089737598,87.74957013731208,125.17105777331363,657277.0,99.26907258064523,103.87733064516122,104.39259677419358
657424,2026,0.14186046,0.11275415896487985,541,61,220.0,0.085214265,239.0,0.20065716,81.0,0.123610705,"Gage, Matt",SF,60.0738457698199,115.11076865472984,86.31035684302987,124.21810632994469,99.94429702142594,657424.0,94.11655172413788,94.74356321839079,91.38149425287358
657514,2026,0.11447171,0.10308285163776493,1038,107,590.0,0.119073264,363.0,0.11072179,81.0,0.097078286,"Bernardino, Brennan",COL,44.11579379097286,91.17369068645928,114.13257593831733,79.31762506117045,88.71503056067263,657514.0,91.61634194430641,105.77075026082446,94.74721055361591
657571,2026,0.12181772,0.08907563025210084,595,53,492.0,0.11863553,94.0,0.13930787,0.0,0.0,"Ferguson, Caleb",CIN,49.32583331709549,98.98874997564323,113.61697797441687,92.65477070636118,,657571.0,104.33789559629626,94.83207156790915,96.40000803241206
657612,2026,0.12428039,0.0608187134502924,855,52,747.0,0.12431179,100.0,0.12872997,0.0,0.0,"Hill, Tim",NYY,50.925639304632895,101.38845895694934,118.05928827609026,87.34130300086849,,657612.0,126.81967701863356,91.07624844720499,112.93075776397524
657649,2026,0.11546796,0.078125,192,15,139.0,0.11433233,11.0,0.11424912,34.0,0.12330864,"Koenig, Jared",MIL,44.952721536945866,92.4290823054188,110.37505654822715,81.15413979677965,99.83288799150326,657649.0,103.88582278481013,75.42227848101265,76.65379746835444
657746,2026,0.11172776,0.12829736211031176,2502,321,1341.0,0.08204373,859.0,0.1470425,300.0,0.14387739,"Ryan, Joe",MIN,42.46667277597892,88.70000916396839,83.95608821284716,97.50603089684023,108.4472370768298,657746.0,106.80009752133283,106.22605444941081,109.68889069483956
657756,2026,0.11244105,0.09465020576131687,486,46,307.0,0.10219941,78.0,0.12776913,101.0,0.13173406,"Seabold, Connor",DET,43.0770167217512,89.6155250826268,100.33616602934815,86.99377968108215,103.82897329267487,657756.0,91.26987689812768,101.22573138729177,91.79973831637918
660271,2026,0.12451177,0.1470795214637579,1421,209,725.0,0.08585043,574.0,0.1663722,122.0,0.15731168,"Ohtani, Shohei",LAD,51.0515855076781,101.57737826151714,87.0232068767263,107.29093277630088,114.07280995746939,660271.0,114.34609609609605,97.69854354354354,111.60277777777779
660604,2026,0.11763591,0.12219959266802444,491,60,168.0,0.072567284,140.0,0.14450626,183.0,0.13845383,"Rangel, Alan",PHI,46.264645954589646,94.39696893188447,74.41922188767673,95.72493898645477,106.00545076802122,660604.0,99.98322184869824,101.28068722956999,97.0992900318177
660761,2026,0.12580813,0.13066202090592335,1148,150,536.0,0.08224181,324.0,0.15305094,283.0,0.17733195,"Suarez, José",ATH,51.684236548890645,102.52635482333596,84.04091459410624,100.55447673259626,122.60258958707384,660761.0,95.22201172561218,98.10315542555628,94.44360010502821
660787,2026,0.11181021,0.08290155440414508,386,32,268.0,0.10157912,24.0,0.13640596,90.0,0.13454182,"De los Santos, Yerry",NYY,42.50822120679291,88.76233181018937,99.75989125272953,91.4338730891615,104.6406101750747,660787.0,96.58338028169014,101.3006197183098,95.75498591549297
660825,2026,0.1316727,0.09809027777777778,1152,113,730.0,0.117030784,389.0,0.16059095,25.0,0.10901495,"Bazardo, Eduard",SEA,54.94079549594886,107.4111932439233,112.49477659702039,104.52668554530368,94.23518895808098,660825.0,104.12362023070094,101.07680567879326,101.11765749778174
660853,2026,0.13546444,0.1452991452991453,1170,170,511.0,0.087902434,351.0,0.19224246,302.0,0.15050542,"De Los Santos, Enyel",HOU,56.80401928917144,110.20602893375717,88.62561164513272,120.55836820924024,111.28496943932736,660853.0,95.02132288946915,106.1616536118364,100.8696779808529
661395,2026,0.16052411,0.18388429752066116,968,178,269.0,0.113722034,194.0,0.18288441,500.0,0.17759188,"Duran, Jhoan",PHI,68.53924236041695,127.80886354062542,109.59590875422293,115.67075302917995,122.95550418848289,661395.0,123.60362249761683,99.1446901811248,125.2403241182078
661563,2026,0.1215003,0.08495575221238938,565,48,333.0,0.10935234,117.0,0.15910442,115.0,0.1184184,"Gil, Luis",NYY,49.04288868711289,98.56433303066933,106.48726311885888,103.82510002811344,97.48158992817841,661563.0,98.99546449205583,84.7043619402985,86.49655789600384
662253,2026,0.16304171,0.19131334022750776,967,185,491.0,0.10182682,410.0,0.2309103,66.0,0.1968356,"Muñoz, Andrés",SEA,69.28845865257225,128.93268797885838,100.09604005367206,137.889308758914,131.7879101924251,662253.0,118.27947589098532,91.59316561844865,109.00568134171914
663158,2026,0.14963794,0.12452107279693486,522,65,356.0,0.142829,0.0,0.0,165.0,0.16499501,"Suarez, Robert",ATL,64.2641009998,121.39615149969998,128.79298647361594,,117.56937792781838,663158.0,108.189012345679,103.20102880658435,111.23629629629627
663362,2026,0.107104816,0.08957219251336898,748,67,409.0,0.09063465,107.0,0.1103472,232.0,0.13464518,"Waldron, Matt",SD,39.2248443295972,83.83726649439579,90.69689077767114,78.93685429967019,104.69907895236594,663362.0,93.95921301390122,106.69202366163857,101.83156935817807
663372,2026,0.10336692,0.1166194523135033,2118,247,898.0,0.07845062,826.0,0.120832115,393.0,0.12379243,"Feltner, Ryan",COL,36.63083823846498,79.94625735769748,80.90699047756002,83.82110592741424,100.0,663372.0,92.27178401660615,97.41244274984295,92.280263059569
663423,2026,0.12622045,0.0988857938718663,718,71,456.0,0.11357462,250.0,0.15055373,2.0,0.021408025,"Thornton, Trent",CHC,51.875237553088176,102.81285632963227,109.47835608812073,99.68664867629667,63.96683186919488,663423.0,97.3947801418439,98.63798581560285,95.24382978723402
663432,2026,0.13009444,0.13385826771653545,127,17,62.0,0.08196284,64.0,0.17726243,1.0,0.095503554,"Rainey, Tanner",DET,54.03949302925987,106.05923954388982,83.87074561809044,113.87032052139648,87.41532535638004,663432.0,99.61858267716535,64.1532283464567,68.97984251968505
663436,2026,0.10480073,0.11281396338867604,2349,265,1340.0,0.08657188,633.0,0.1441343,344.0,0.09938063,"Martin, Davis",CWS,37.767889683743,81.6518345256145,87.43716024299232,95.57411320534625,90.00469769418837,663436.0,89.76211433062548,93.38234590487,84.68281650096498
663460,2026,0.10733671,0.1245753114382786,883,110,478.0,0.08970388,223.0,0.13356616,181.0,0.12203937,"Bubic, Kris",KC,39.446165742193905,84.16924861329086,90.04782533108721,90.03343557807034,99.05242166961462,663460.0,94.62090302347345,98.80962138435122,96.16392733996726
663465,2026,0.0978868,0.08762886597938144,194,17,131.0,0.099691704,25.0,0.08784577,34.0,0.095581256,"Allard, Kolby",CLE,34.29289891004011,76.43934836506017,97.58866948125788,66.81053085528892,87.49435060669846,663465.0,93.42926553672316,103.71457627118644,90.61627118644068
663485,2026,0.10913161,0.11926605504587157,218,26,155.0,0.10326469,27.0,0.124243446,35.0,0.12595817,"Sands, Cole",MIN,40.91757283523363,86.37635925285045,101.24995727280817,85.52711335358123,100.78019154398835,663485.0,91.37611374407582,101.15582938388623,93.18132701421804
663542,2026,0.09434527,0.10917431192660551,1090,119,777.0,0.06887866,307.0,0.15907347,0.0,0.0,"Hudson, Bryan",CWS,32.84480372497348,74.26720558746023,71.20701352638406,103.72558856704323,,663542.0,106.39370371813258,94.32941981459282,98.60398743260573
663554,2026,0.118531585,0.11100702576112412,2135,237,949.0,0.092138454,678.0,0.12985297,508.0,0.15272683,"Mize, Casey",DET,46.89591064544677,95.34386596817015,92.11194469814114,87.88365244858635,112.348630494426,663554.0,87.78340491288364,105.6617884332495,96.09870427487576
663556,2026,0.13224299,0.12874408828166053,1903,245,741.0,0.08907544,628.0,0.15654777,534.0,0.16356088,"McClanahan, Shane",TB,55.2619892622928,107.89298389343921,89.6858544279417,102.59177338082752,117.0278293107819,663556.0,107.15448048378225,93.56947773501925,101.21987905442548
663558,2026,0.106302574,0.14558689717925385,1099,160,653.0,0.09293391,53.0,0.09724811,384.0,0.13004999,"Morán, Jovani",BOS,38.58711773644469,82.88067660466703,92.82017128993937,71.23203374224217,102.97157404073589,663558.0,100.36329643721896,88.25946331526964,90.34863638110613
663559,2026,0.09758901,0.08755760368663594,217,19,124.0,0.0832243,73.0,0.119850405,20.0,0.10539613,"Falter, Bailey",KC,34.07400206945567,76.11100310418351,84.86263751952677,83.47176467134082,92.9534325428015,663559.0,87.96462828271612,94.10417744711566,86.71332185886402
663567,2026,0.110586435,0.12329803328290469,2644,326,1371.0,0.09574682,645.0,0.14235467,626.0,0.11063926,"Lambert, Peter",HOU,41.73904640736511,87.60856961104767,94.90992851635102,94.6076943577661,94.71212242826391,663567.0,92.45278312361214,100.47610658771275,93.64646928201331
663568,2026,0.11126749,0.0954653937947494,838,80,522.0,0.09796485,215.0,0.13888754,100.0,0.1220417,"Kolek, Stephen",KC,42.12945563118243,88.19418344677365,96.36320398779738,92.4366098373649,99.10822934742907,663568.0,91.50423444976074,106.0042822966507,100.22933014354065
663574,2026,0.10891187,0.10098176718092566,713,72,446.0,0.082802534,261.0,0.15304525,0.0,0.0,"Santillan, Tony",CIN,40.870141812161464,86.30521271824219,84.53951495146623,100.50624218144395,,663574.0,90.296277056277,93.26124098124097,85.1973448773449
663623,2026,0.09723921,0.11191335740072202,1939,217,1179.0,0.07834096,609.0,0.13230029,151.0,0.10339047,"Irvin, Jake",WSH,33.73060746229456,75.59591119344184,80.68907203218231,89.30003661436604,92.1339923093794,663623.0,98.86749116759222,97.90247515425459,94.21259526928667
663687,2026,0.10997147,0.10719530102790015,1362,146,853.0,0.100865565,447.0,0.12756401,53.0,0.104954906,"Harris, Hogan",ATH,41.244045503412046,86.86606825511807,98.79822307369822,86.7818766222376,92.76627677743116,663687.0,106.1139909638554,97.83033132530124,100.87379518072291
663738,2026,0.13503772,0.10593538692712247,1331,141,630.0,0.12022911,377.0,0.16202703,324.0,0.13242804,"Lynch IV, Daniel",KC,56.37575574164505,109.56363361246758,114.97840688548473,105.23832149073559,104.05962459663752,663738.0,101.48321886036588,97.19166497963586,101.7825786708679
663765,2026,0.12785865,0.09484536082474226,485,46,328.0,0.116774894,83.0,0.16078289,74.0,0.14005812,"Woodford, Jake",MIL,52.74435454169514,104.1165318125427,112.35941585392902,104.57716139421876,106.79871587203164,663765.0,98.41691644782425,101.22217592833934,98.7126537125059
663767,2026,0.123463444,0.09649122807017543,912,88,632.0,0.1159081,190.0,0.16930991,86.0,0.077630766,"Shugart, Chase",PHI,50.10966718523435,100.16450077785153,111.95922781727621,109.08193612758626,80.64941152516576,663767.0,102.53480369515012,94.51766743648962,97.14480369515015
663776,2026,0.12123949,0.12059064807219032,1219,147,516.0,0.07720264,361.0,0.1545284,342.0,0.15254278,"Sandoval, Patrick",BOS,48.885380032893536,98.32807004934031,79.89221301023028,101.37575147629256,112.2706266386868,663776.0,101.35859375440398,99.14771568905236,102.94144517116719
663795,2026,0.11122457,0.06060606060606061,132,8,91.0,0.08764553,11.0,0.16562222,30.0,0.16280188,"Hagenman, Justin",NYM,42.08667520686126,88.13001281029189,88.23770121509278,106.8599076781138,116.50761086518413,663795.0,93.12755793226381,107.63583600713014,101.24077540106953
663855,2026,0.14628881,0.12379935965848453,937,116,606.0,0.12673087,285.0,0.18952683,34.0,0.14280012,"Hicks, Jordan",CWS,62.70939985286182,119.06409977929273,119.99047105537798,119.2781912783624,108.05839874563446,663855.0,115.07689350996415,90.5433712014448,102.28260593153992
663878,2026,0.12859793,0.1020671834625323,774,79,446.0,0.11792543,309.0,0.1479104,17.0,0.06878182,"Pearson, Nate",KC,53.26891434225336,104.90337151338004,113.25833692809556,98.0907840698794,76.49001535769249,663878.0,104.08240743230125,84.72485728368507,90.37466057265759
663893,2026,0.16774602,0.16898954703832753,574,97,244.0,0.1214593,308.0,0.20784217,0.0,0.0,"Little, Brendon",TOR,71.53874694061457,132.30812041092184,115.95908540589376,126.88524958969707,,663893.0,108.83471014492754,89.01456521739132,101.92547101449274
663903,2026,0.12386851,0.10451388888888889,2880,301,1707.0,0.10188274,1172.0,0.1559764,0.0,0.0,"Singer, Brady",CIN,50.45448278549777,100.68172417824665,100.14406131087893,101.95782248004294,,663903.0,91.2073970640888,95.16072323666313,86.32999641962047
663941,2026,0.1186989,0.08841463414634146,328,29,132.0,0.08720102,187.0,0.14272177,9.0,0.081525765,"Beck, Tristan",SF,47.157907145551846,95.73686071832776,87.77494582280634,95.01710620428506,82.2074646075371,663941.0,95.91749999999998,101.59192307692307,100.11897435897438
663947,2026,0.11332655,0.11217391304347826,1150,129,742.0,0.10061459,216.0,0.14529116,192.0,0.12649275,"Holton, Tyler",DET,43.508632657941256,90.26294898691188,98.70184948127476,96.12508131391449,101.28272724584707,663947.0,100.12942889852667,96.50828883484999,97.02831759800114
663969,2026,0.1445561,0.12081513828238719,2061,249,703.0,0.09853114,883.0,0.1665556,475.0,0.17177723,"Phillips, Tyler",MIA,61.78116913743509,117.67175370615264,96.65922610790344,107.5633901626351,120.42356401113376,663969.0,95.34411446770841,98.84500042668802,94.47715726701334
663978,2026,0.12652719,0.10881801125703565,1066,116,574.0,0.11256826,206.0,0.10330938,286.0,0.17126599,"Paddack, Chris",MIA,52.066925192812384,103.10038778921857,108.50131223361834,74.02503405816631,120.00915944153599,663978.0,88.79358386574557,109.61817088969647,98.66515215643433
663992,2026,0.13142444,0.09647779479326186,653,63,329.0,0.10716761,311.0,0.15851416,0.0,0.0,"Lovelady, Richard",WSH,54.659518027778546,106.98927704166782,104.88706978926044,103.42801690764809,,663992.0,95.83001084170749,92.56705231931653,88.39290848373886
664062,2026,0.09112579,0.09523809523809523,63,6,37.0,0.068364136,10.0,0.1399974,16.0,0.11321733,"Gonsolin, Tony",KC,31.79940865581877,72.69911298372816,70.89790365330673,93.03287972123547,95.59257118232959,664062.0,88.27047619047619,86.15904761904763,77.74920634920636
664076,2026,0.15935205,0.13366960907944514,793,106,345.0,0.107789665,444.0,0.2003147,0.0,0.0,"Cleavinger, Garrett",TB,67.72871513173202,126.59307269759802,105.39634472832402,123.86974108336747,,664076.0,110.35321477428184,92.88478796169632,103.41674418604649
664126,2026,0.14414863,0.14540816326530612,784,114,561.0,0.14891683,207.0,0.1385117,14.0,0.052920666,"Fairbanks, Pete",MIA,61.29350512921927,116.9402576938289,131.7157115729134,92.2719353251924,73.60978884759166,664126.0,122.84570090298898,87.05081945048049,104.18825341638903
664129,2026,0.13163486,0.13574660633484162,442,60,289.0,0.10023606,153.0,0.19094372,0.0,0.0,"Hartlieb, Geoff",ATH,54.87011755907624,107.30517633861436,98.41239078667407,119.84220118014548,,664129.0,92.59354838709677,94.59239631336405,88.75935483870965
664141,2026,0.12592739,0.09381237524950099,1002,94,511.0,0.10287983,351.0,0.16923368,138.0,0.10261905,"Brubaker, JT",SF,51.779655893791364,102.66948384068705,100.81673826565111,108.96640189063717,91.5527629231702,664141.0,90.03049570583606,105.52729102447498,97.27228214315508
664192,2026,0.12908818,0.05555555555555555,126,7,83.0,0.12991287,34.0,0.14188328,8.0,0.07930106,"Lucchesi, Joey",LAA,53.40141460791838,105.10212191187757,122.32551861021383,94.24614389661033,81.27265752441738,664192.0,100.15369369369371,83.24720720720721,83.5100900900901
664199,2026,0.13191016,0.1145737855178735,1091,125,465.0,0.1048696,321.0,0.16333498,296.0,0.14079022,"Clarke, Taylor",AZ,55.08289974293285,107.62434961439928,103.14415329037342,105.90982315375503,107.48503420113377,664199.0,91.03031298507194,105.19493115805017,100.77364368933783
664208,2026,0.11973601,0.11785095320623917,577,68,323.0,0.10455913,251.0,0.13973095,3.0,0.080869906,"Maton, Phil",CHC,47.48270301564797,96.22405452347195,102.55737964525203,92.81737520721093,81.74892162915629,664208.0,102.62419117647062,88.56312499999997,94.37437500000003
664285,2026,0.12966637,0.09585674157303371,2848,273,1352.0,0.114239775,977.0,0.16512932,516.0,0.10353873,"Valdez, Framber",DET,53.870083855386696,105.80512578308004,110.3141455720583,106.64652276104658,92.32509793106505,664285.0,102.87280898876405,95.95667270750276,100.0608263863719
664299,2026,0.12820283,0.14661016949152542,1180,173,651.0,0.10737342,335.0,0.16313213,191.0,0.13941045,"Javier, Cristian",HOU,53.03839725527386,104.55759588291079,105.19192067188523,105.85776394564519,106.55270683386894,664299.0,98.97298357505953,102.51912492008695,100.23673126751612
664353,2026,0.118576184,0.11374407582938388,633,72,268.0,0.08947178,176.0,0.12507258,188.0,0.15450728,"Urquidy, José",CWS,46.92877326229244,95.39315989343865,89.9278214949719,85.67991987865389,112.8238770824615,664353.0,96.98730573927973,110.72884364477032,104.83450058513041
664702,2026,0.03978293,0.037037037037037035,54,2,0.0,0.0,9.0,0.044806138,2.0,0.0089,"Straw, Myles",TOR,26.49535576890922,64.74303365336382,,56.64232658962392,62.87890526170774,664702.0,16.005,96.26071428571429,20.028095238095233
664849,2026,0.16440256,0.08058608058608059,273,22,131.0,0.1320056,131.0,0.20028451,3.0,0.08400474,"Young, Danny",ATL,70.16478157428543,130.24717236142814,123.39910725882578,123.70028180718998,82.86564410927542,664849.0,109.10949294434756,90.64986713175837,99.38049151736163
664854,2026,0.17494099,0.1758957654723127,307,54,139.0,0.1456049,130.0,0.20660858,34.0,0.17805216,"Helsley, Ryan",BAL,73.50464423109077,135.25696634663615,130.48119464658254,125.97496594183369,123.3216039189528,664854.0,120.61443223443217,88.19194139194141,106.29728937728937
664875,2026,0.1328452,0.10729023383768914,727,78,407.0,0.10488752,316.0,0.16877452,0.0,0.0,"Lawrence, Justin",PIT,55.588706519009705,108.38305977851456,103.19325649941376,108.7369103981095,,664875.0,102.09537027136771,82.07630801407197,84.80519651286086
664954,2026,0.059046257,0.0,94,0,0.0,0.0,0.0,0.0,0.0,0.0,"Sullivan, Brett",COL,29.58991678801535,69.38487518202302,,,,664954.0,22.38163742690059,101.03625730994152,39.399181286549705
664991,2026,0.13418283,0.12141280353200883,906,110,572.0,0.11930775,329.0,0.1605057,0.0,0.0,"Wolfram, Grant",BAL,56.10923841991263,109.16385762986894,114.28298202674785,104.47626090294044,,664991.0,110.34439560439556,100.0108351648352,107.23474725274723
665152,2026,0.12259229,0.130879345603272,1467,192,895.0,0.11409894,200.0,0.10158521,370.0,0.15459833,"Kremer, Dean",MIN,49.733639252880465,99.6004588793207,110.13242255750893,73.582050545928,112.90433841113128,665152.0,91.40437689335572,95.55918334222804,88.00105785966232
665622,2026,0.117684595,0.13749060856498874,1331,183,736.0,0.103743106,389.0,0.13996401,192.0,0.12652409,"Medina, Luis",ATH,46.33175592068586,94.49763388102879,101.87766037328763,92.97913999505387,101.33864318313482,665622.0,104.37539198302638,91.77193449268772,97.67827286504507
665645,2026,0.11502856,0.14285714285714285,105,15,92.0,0.11581333,13.0,0.10947485,0.0,0.0,"Castro, Kervin",NYY,44.62974499965928,91.94461749948891,111.89335719041333,78.13170057153177,,665645.0,98.59,103.24340425531912,96.54382978723405
665660,2026,0.12707448,0.15866388308977036,958,152,702.0,0.114047736,187.0,0.16659568,62.0,0.15518618,"Alvarado, Elvis",ATH,52.42038927528846,103.63058391293268,110.0721785050281,107.61817946611453,113.14798406428218,665660.0,111.14508230452674,97.20041152263376,108.85230452674895
665665,2026,0.14618729,0.09742120343839542,349,34,156.0,0.12266142,93.0,0.19607039,96.0,0.13685231,"Sanmartin, Reiver",SF,62.57010040144961,118.8551506021744,116.92215467918146,121.72972062902082,105.46607593960476,665665.0,97.34833819241986,103.31043731778426,102.95766763848397
665795,2026,0.12022741,0.12256267409470752,1436,176,555.0,0.091923565,443.0,0.14835846,438.0,0.12763968,"Cabrera, Edward",CHC,47.77275587327506,96.65913380991259,91.77914179384577,98.33352672457485,102.1800618136176,665795.0,94.22556158727733,104.18817563199856,99.68496933552979
665871,2026,0.106578685,0.07303010890454836,1561,114,1137.0,0.101038404,296.0,0.11866806,123.0,0.12863494,"Assad, Javier",CHC,38.82428390989247,83.23642586483871,99.08706241280208,83.20375708186131,102.46193429584966,665871.0,99.7027818833347,100.00447380407704,101.36853951862795
666126,2026,0.03971729,0.025157232704402517,159,4,0.0,0.0,0.0,0.0,0.0,0.0,"Cortes, Carlos",ATH,25.967483374438412,63.95122506165762,,,,666126.0,58.84239669421488,84.32314049586778,47.29628099173554
666129,2026,0.12101627,0.08,200,16,90.0,0.10673491,77.0,0.13633546,32.0,0.1273194,"Garrett, Braxton",MIA,48.56949122613997,97.85423683920995,104.48369582721611,91.3201422694361,101.95512158147373,666129.0,88.11087333333334,78.97095333333333,74.81969333333333
666142,2026,0.12485478,0.14620689655172414,725,106,440.0,0.11437873,159.0,0.14264517,125.0,0.14009127,"Ragans, Cole",KC,51.177698745790956,101.76654811868643,110.43613908701806,94.86402778007584,106.86050233158923,666142.0,109.06012519561817,86.25668231611893,95.93521126760564
666157,2026,0.11574935,0.0963855421686747,1909,184,1013.0,0.090848856,466.0,0.14982682,430.0,0.13747983,"Lodolo, Nick",CIN,45.05920450405114,92.5888067560767,90.92859925339687,99.10769279515168,105.82482961013599,666157.0,104.7726388154416,89.05443680592276,91.99792702273928
666171,2026,0.1479261,0.12915129151291513,1355,175,658.0,0.1095125,667.0,0.1867389,0.0,0.0,"Zeferjahn, Ryan",LAA,63.2929701103171,119.93945516547565,106.64580967158894,117.730991009343,,666171.0,118.03416811319109,92.30886288240927,111.0228528379958
666200,2026,0.16453372,0.14532520325203252,2952,429,1295.0,0.112648815,1123.0,0.22571589,534.0,0.16169354,"Luzardo, Jesús",PHI,70.41008321198464,130.61512481797695,108.55775826510285,131.69243884727234,116.00652511270341,666200.0,110.11903421714436,103.22858745586322,111.42001052248999
666201,2026,0.09742749,0.07407407407407407,162,12,75.0,0.08848959,23.0,0.11769613,63.0,0.10030927,"Manoah, Alek",LAA,33.961630611500084,75.94244591725013,88.94314761661488,82.93027741903313,90.28120794782646,666201.0,66.47555555555554,83.70765432098767,61.37592592592593
666277,2026,0.12575875,0.13743676222596965,1186,163,426.0,0.07450654,379.0,0.155493,359.0,0.1567749,"Soriano, George",STL,51.652464575717765,102.47869686357664,76.60089274117423,101.81206242254024,113.81538470660311,666277.0,100.10921875000001,95.14145833333336,97.4777256944444
666374,2026,0.13879138,0.1188118811881188,303,36,87.0,0.108315,172.0,0.15376212,43.0,0.14287157,"Brash, Matt",SEA,58.39390879877958,112.59086319816936,105.86005625224962,100.79574551634907,108.12282324973759,666374.0,102.19961240310076,96.8522480620155,99.75519379844961
666619,2026,0.12470413,0.03488372093023256,86,3,40.0,0.1031736,44.0,0.14626437,2.0,0.08098943,"Santos, Gregory",SF,51.114619967106464,101.67192995065969,101.15360897548109,96.91746138856797,81.86514919643616,666619.0,99.47558139534884,99.6153488372093,100.26906976744185
666661,2026,0.13496262,0.1421889616463985,1069,152,713.0,0.1270393,128.0,0.16940795,224.0,0.14069727,"Morillo, Juan",AZ,56.33740790156651,109.50611185234976,120.46733122255493,109.13990549132829,107.35912049610185,666661.0,108.74776493256255,103.84026974951836,111.25641618497107
666711,2026,0.14626671,0.10059171597633136,169,17,130.0,0.13473949,39.0,0.18469076,0.0,0.0,"Peguero, Joel",SF,62.63944355236732,118.95916532855098,124.98457730578883,116.79624291813869,,666711.0,99.49763313609466,107.63952662721894,106.42816568047337
666745,2026,0.118589975,0.16260162601626016,123,20,44.0,0.08446856,40.0,0.16806903,39.0,0.10633816,"Brito, Jhony",SD,46.994399512618024,95.49159926892703,85.64127391585913,108.5661269108385,93.20128412796836,666745.0,98.69098360655738,117.60459016393443,111.35737704918033
666808,2026,0.14823972,0.12900188323917136,1062,137,697.0,0.12930779,327.0,0.19640912,26.0,0.07236152,"Doval, Camilo",NYY,63.523918350949415,120.28587752642412,121.7600911390387,122.15119820986773,78.22890065789062,666808.0,100.95760002200427,97.68879829374661,100.80974217593509
666974,2026,0.14700308,0.11318407960199005,804,91,477.0,0.1315927,103.0,0.14533442,224.0,0.18058622,"Cano, Yennier",BAL,62.85121012165611,119.27681518248417,122.92457786935506,96.22467647206406,123.89828227034575,666974.0,107.80403778040139,106.9724203069657,115.63837072018892
667297,2026,0.15044497,0.1257606490872211,986,124,270.0,0.10747845,711.0,0.16701904,0.0,0.0,"Nance, Tommy",TOR,64.71152054992436,122.06728082488654,105.29400979190375,107.89367592636246,,667297.0,102.22503085433974,96.87216877380793,100.25045774835377
667463,2026,0.12801138,0.09986504723346828,741,74,244.0,0.111492634,342.0,0.1423872,146.0,0.12289609,"King, John",MIA,52.80948370254586,104.21422555381879,107.88805530185884,94.65908477130276,99.6657552382737,667463.0,94.12683735812833,98.46267322317705,94.05398845008175
667652,2026,0.12943684,0.07033639143730887,327,23,85.0,0.07709751,76.0,0.122669,165.0,0.16004112,"Ralston, Jack",MIA,53.7017782224657,105.55266733369855,79.65381784042964,84.90023647051044,115.05449458664026,667652.0,106.708566667449,99.62377543596124,104.81537822423545
667755,2026,0.14191969,0.13488059199461824,2973,401,1515.0,0.11738822,902.0,0.17362897,551.0,0.1577967,"Soriano, José",LAA,60.231223516836266,115.34683527525439,112.6997484396253,111.71977258559042,114.15954394490358,667755.0,97.26553624083833,106.06798221768244,105.5141317691684
668390,2026,0.13530865,0.14634146341463414,820,120,506.0,0.11879125,191.0,0.17401579,122.0,0.14413491,"Winn, Cole",TEX,56.53009738945452,109.79514608418178,113.76263103284185,111.85104253670553,108.51259178772025,668390.0,98.91768395518076,100.40158088417301,100.19322249542074
668674,2026,0.1311922,0.09590517241379311,928,89,537.0,0.10378545,258.0,0.19174324,125.0,0.123976655,"Erceg, Lucas",KC,54.58977950688063,106.88466926032095,101.97449495218436,120.43575084127028,100.11140672532323,668674.0,99.53226666666669,101.55640000000005,100.04331111111112
668678,2026,0.13211453,0.0862533692722372,1855,160,760.0,0.077414766,767.0,0.17109343,318.0,0.16928416,"Gallen, Zac",AZ,55.19015403078475,107.78523104617712,80.00952894462202,110.2083075328524,118.72734247558259,668678.0,87.0721967807463,108.60020400615103,99.01523943768508
668716,2026,0.12723152,0.078125,64,5,40.0,0.103423774,24.0,0.16691111,0.0,0.0,"Murdock, Noah",PIT,52.51729698435203,103.77594547652805,101.49106260460167,107.78316282590902,,668716.0,106.0831746031746,68.49682539682539,72.32761904761905
668820,2026,0.13545388,0.11176470588235295,340,38,137.0,0.08766815,203.0,0.16770336,0.0,0.0,"Kranick, Max",WSH,56.764578478500084,110.14686771775013,88.30289460566593,108.22783424047147,,668820.0,93.46961651917405,90.15321533923304,84.2483185840708
668831,2026,0.12077887,0.15463917525773196,194,30,106.0,0.10225278,9.0,0.15106505,79.0,0.14218634,"Stallings, Garrett",MIL,48.220344106208636,97.33051615931295,100.43223709934354,99.92769313512568,107.73846409628801,668831.0,87.81364583333337,101.87197916666665,93.74322916666667
668834,2026,0.11384654,0.11061946902654868,226,25,126.0,0.10703099,93.0,0.12369295,7.0,0.1057099,"McGee, Easton",KC,43.85295670362421,90.77943505543631,104.73540580443458,85.29504471662605,93.0155733835445,668834.0,98.02315217391302,107.25978260869564,101.80456521739131
668873,2026,0.12638263,0.13559322033898305,826,112,508.0,0.10637433,310.0,0.15923613,0.0,0.0,"Kilian, Caleb",SF,51.970990842943124,102.95648626441468,104.1832950161871,103.9247801237957,,668873.0,103.03388031186154,99.82435516489302,101.62642986500202
668881,2026,0.14761397,0.14473684210526316,456,66,265.0,0.11915538,145.0,0.19151656,46.0,0.17317171,"Greene, Hunter",CIN,63.06890214386587,119.6033532157988,114.20760042418435,120.19453060020872,121.45650493672795,668881.0,110.81578021978022,98.26426373626371,108.546021978022
668909,2026,0.14811343,0.1607201309328969,3055,491,1483.0,0.11231965,1541.0,0.18244888,0.0,0.0,"Williams, Gavin",CLE,63.369161761535025,120.05374264230254,108.16511372403416,115.58779940499986,,668909.0,105.05462190573073,104.95045100033909,109.57570023736858
668933,2026,0.18595022,0.13722397476340695,634,87,342.0,0.15605132,290.0,0.22227788,0.0,0.0,"Ashcraft, Graham",CIN,77.34368786533176,141.01553179799765,135.93081205301687,130.45721178705043,,668933.0,110.26279146141216,100.02417077175696,107.38515599343187
668941,2026,0.14178391,0.0913978494623656,930,85,433.0,0.13589063,335.0,0.1689765,154.0,0.09956419,"Romero, JoJo",STL,60.02193803433001,115.03290705149502,126.00189093228153,108.85139715772092,90.14337150362667,668941.0,108.36772993770509,99.99952391679183,108.68392878636186
668964,2026,0.117817536,0.1061130334486736,867,92,505.0,0.10275933,140.0,0.10906862,218.0,0.15821788,"Myers, Tobias",NYM,46.49881809773031,94.74822714659547,100.720572525384,77.84880179013227,114.42263518303179,668964.0,102.72342200197468,98.03133335232016,99.80180185944656
668970,2026,0.12119167,0.11583011583011583,259,30,150.0,0.099798016,86.0,0.15386523,23.0,0.13854483,"Hollowell, Gavin",CHC,48.822301254209044,98.23345188131357,97.88009744796415,100.89230720484832,106.12634883219495,668970.0,108.33328185328187,102.49714285714289,108.53444015444016
668984,2026,0.10550951,0.10692899914456801,1169,125,738.0,0.086119615,267.0,0.15485668,134.0,0.10750967,"Legumina, Casey",TB,38.09245561802442,82.13868342703663,87.2313991420483,101.61797910223933,93.69155207338723,668984.0,110.53209580345572,96.87717726368653,105.11416603245033
669020,2026,0.12092371,0.08919722497522299,1009,90,541.0,0.08595065,440.0,0.16392836,9.0,0.08970243,"Rolison, Ryan",CHC,48.442752658751324,97.66412898812699,87.09288044021386,106.22370451915359,85.03739626038261,669020.0,103.47516253288528,101.62607796618997,106.03030743663881
669022,2026,0.11646319,0.12086092715231789,3020,365,1774.0,0.10300168,843.0,0.14671521,396.0,0.11253885,"Gore, MacKenzie",TEX,45.47973650121001,93.21960475181501,100.96105108527024,97.26131198356678,95.3593898249253,669022.0,97.61101252963088,99.86048763968844,97.52687436505255
669060,2026,0.12461406,0.0967741935483871,558,54,472.0,0.12073327,39.0,0.13710901,47.0,0.15321898,"Wilson, Bryse",MIL,51.0830973579823,101.62464603697345,115.29803640086372,91.82813863327361,112.50564939330154,669060.0,93.8932158753374,109.30711401821907,97.72710860124768
669062,2026,0.16279955,0.13897280966767372,993,138,547.0,0.10998812,401.0,0.23987214,36.0,0.11661013,"Miller, Erik",SF,69.09093741201977,128.63640611802964,107.01869632592573,140.89034246970618,96.85781013384438,669062.0,117.35182282341552,90.31289767608804,107.2413829132471
669084,2026,0.12812153,0.11684518013631938,1027,120,506.0,0.101189114,355.0,0.16774899,165.0,0.12605625,"Hall, DL",MIL,52.97283601682265,104.45925402523397,99.23134855358867,108.34012565350491,100.94757833038538,669084.0,103.01539859905574,95.91504290314377,99.66631467268905
669093,2026,0.15513843,0.15122873345935728,529,80,306.0,0.1656597,53.0,0.14255263,169.0,0.14070196,"Estrada, Jeremiah",SD,66.38823612774307,124.5823541916146,139.21511591519123,94.76167850926441,107.42201197586809,669093.0,112.4672440944882,97.83169291338582,110.54141732283466
669145,2026,0.10472188,0.041666666666666664,72,3,40.0,0.109679475,21.0,0.09338697,11.0,0.10833368,"Zimmermann, Bruce",STL,37.70141240783411,81.55211861175117,106.75192026951662,69.54278821294955,94.11505842116479,669145.0,81.2718309859155,109.51154929577464,97.4005633802817
669160,2026,0.119969085,0.10958333333333334,2400,263,1645.0,0.115382046,607.0,0.1380848,146.0,0.09779386,"May, Dustin",STL,47.67629165899402,96.51443748849103,111.24676965581595,92.16163380795949,89.29796418303648,669160.0,102.17500341341041,103.30649349752409,105.81114191731685
669165,2026,0.13248813,0.17828418230563003,746,133,409.0,0.11071656,70.0,0.14937603,263.0,0.16176035,"Hurt, Kyle",LAD,55.44278266994435,108.16417400491653,107.28771128062793,98.8177696120517,116.20479011222434,669165.0,94.21368209363233,100.2699756456577,95.41609768499936
669169,2026,0.10082022,0.046875,64,3,25.0,0.08105835,27.0,0.10142943,12.0,0.14062004,"Heasley, Jonathan",TB,35.64869802895906,78.47304704343858,82.70981432634855,73.11475041030292,107.29635811942882,669169.0,92.0371875,93.63593750000001,83.8646875
669194,2026,0.14031112,0.12,1450,174,1012.0,0.12923083,433.0,0.1665458,0.0,0.0,"Nelson, Ryne",AZ,59.177495500309945,113.76624325046492,121.62346653720734,107.5087015820011,,669194.0,106.23677965507206,101.35059657181874,107.0571894016805
669199,2026,0.13087483,0.1356509884117246,1467,199,507.0,0.10381365,854.0,0.14798668,104.0,0.12426308,"Bachar, Lake",MIA,54.381880092728856,106.57282013909328,102.07141188954057,98.13937058042627,100.16711200849676,669199.0,97.16182099809603,97.00044106635232,94.06322708653549
669203,2026,0.11720825,0.13636363636363635,198,27,121.0,0.09982544,55.0,0.14745682,22.0,0.1371922,"Burnes, Corbin",AZ,45.9944801161476,93.9917201742214,97.92858811045943,97.79882566770176,105.64504912763013,669203.0,93.89737373737375,97.76434343434346,94.38525252525254
669211,2026,0.12845045,0.09480812641083522,443,42,219.0,0.10131729,110.0,0.16784693,114.0,0.14256054,"Akin, Keegan",BAL,53.16991568452898,104.75487352679347,99.51972096219036,108.39644672579894,107.8660076906206,669211.0,99.60039193070912,106.85101777858328,106.05064803677647
669212,2026,0.1114408,0.10982658959537572,346,38,129.0,0.08277642,102.0,0.13683827,115.0,0.12106831,"Morgan, Eli",KC,42.341238529618145,88.51185779442721,84.45760673834572,91.71607808371019,98.5494683276066,669212.0,95.79147928994085,90.3598224852071,85.66224852071007
669270,2026,0.12944175,0.0983397190293742,783,77,692.0,0.13437288,43.0,0.11749648,45.0,0.0663861,"Kuhnel, Joel",ATH,53.735354045410354,105.60303106811553,124.79434734776362,82.83784650676274,76.2978518731374,669270.0,97.71917003924656,97.73120100796844,94.93967839017358
669276,2026,0.17201789,0.1876155268022181,1082,203,344.0,0.10598695,561.0,0.22618517,172.0,0.12904672,"Lee, Dylan",ATL,72.61149516632099,133.9172427494815,103.83492678828924,133.1894691447111,102.68805513318031,669276.0,112.75046800382042,99.54494746895892,110.18185291308502
669298,2026,0.115250744,0.1048951048951049,143,15,79.0,0.09207013,32.0,0.13533856,31.0,0.15596434,"Shook, TJ",COL,44.77396206345777,92.16094309518667,92.05675089285307,90.80198831472501,113.64600561625211,669298.0,84.44835820895523,112.02701492537314,97.81776119402987
669302,2026,0.1377252,0.1534603811434303,2991,459,1357.0,0.10099092,963.0,0.18345468,662.0,0.14682159,"Gilbert, Logan",SEA,57.91332479313874,111.86998718970811,98.99082552684168,115.92253944556865,109.85662849637333,669302.0,110.12504169339321,103.44755612572163,112.07592687620263
669310,2026,0.11061391,0.08,225,18,126.0,0.09319649,63.0,0.14039178,36.0,0.1194636,"Van Eyk, CJ",TOR,41.8268773604278,87.7403160406417,93.03483407502416,93.19356714745182,97.93246642175384,669310.0,90.9073777777778,114.18533333333333,107.20880000000001
669330,2026,0.117797285,0.16129032258064516,1085,175,630.0,0.12559208,211.0,0.13538626,240.0,0.08171996,"Wells, Tyler",BAL,46.465485232047165,94.69822784807074,118.77349332511062,90.8600945086717,82.31953249263213,669330.0,96.50010751326853,108.31855896762755,104.72447703828531
669358,2026,0.1316305,0.10187040748162993,2994,305,1723.0,0.113817476,982.0,0.17657964,278.0,0.0861911,"Baz, Shane",BAL,54.83486983194575,107.25230474791863,109.89241125393914,113.57728712542756,83.69500771626197,669358.0,97.6752512044047,103.30297315898139,102.74300068823126
669371,2026,0.1144014,0.11842105263157894,304,36,198.0,0.08786679,106.0,0.16396606,0.0,0.0,"Henry, Cole",WSH,44.041119247333555,91.06167887100034,88.56149279347379,106.27628031514297,,669371.0,96.00192170818504,90.28733096085409,84.344768683274
669372,2026,0.108403206,0.12129380053908356,2226,270,1429.0,0.1011498,350.0,0.1401314,443.0,0.107181996,"Ginn, J.T.",ATH,40.23365231837376,85.35047847756064,99.1351665199406,93.1400923218862,93.44729316613106,669372.0,92.68787596251933,101.64277230163935,99.28569600614598
669373,2026,0.14220218,0.16790123456790124,2430,408,1347.0,0.1225213,461.0,0.14152342,621.0,0.18558827,"Skubal, Tarik",DET,60.663842023318225,115.99576303497733,116.7419036064578,93.98584375577315,127.81371833035996,669373.0,117.36279143965317,105.69638053105409,121.18247550851613
669387,2026,0.11140552,0.09361497839654345,2083,195,1025.0,0.08555313,533.0,0.1202536,522.0,0.15358172,"Mlodzinski, Carmen",PIT,42.256942429652035,88.38541364447805,86.88301261561168,83.64754399745861,112.66405074180338,669387.0,91.33037198570717,104.2353505481879,95.75108189710375
669432,2026,0.12570454,0.12936802973977696,2690,348,1754.0,0.11267026,384.0,0.16120653,551.0,0.14261304,"Rogers, Trevor",BAL,51.620709274774526,102.43106391216179,108.61432574152681,104.83033258388306,107.92999281051914,669432.0,101.53106478034249,107.35811615785556,105.7022189128817
669438,2026,0.122767456,0.12305516265912306,707,87,322.0,0.098941304,171.0,0.14769955,184.0,0.13925867,"Englert, Mason",TB,49.858997487406576,99.78849623110986,96.90491624858086,97.94490219103187,106.43036423766803,669438.0,95.09919418081564,110.26300945276108,104.63702405075513
669456,2026,0.102532245,0.1010752688172043,930,94,494.0,0.08031504,265.0,0.13103992,171.0,0.12253672,"Bieber, Shane",TOR,36.23768588348513,79.35652882522768,82.33106948787363,88.34552670453662,99.44284340660352,669456.0,90.21952637244351,95.90105489773948,91.17756727664155
669461,2026,0.11691724,0.11023622047244094,2667,294,1121.0,0.08690235,1197.0,0.15298383,345.0,0.090336055,"Liberatore, Matthew",STL,45.8241422638769,93.73621339581535,87.70788826824277,100.4580128644431,85.39947798459218,669461.0,97.40367613200304,99.32744435917111,95.6691557943208
669467,2026,0.11493413,0.09386828160484481,2642,248,1343.0,0.085515834,1223.0,0.14688559,76.0,0.12062058,"Pallante, Andre",STL,44.55721733005565,91.83582599508347,86.81248422333144,97.35928338930421,98.26937981497709,669467.0,97.06054690467151,104.75852639574626,103.05417394606911
669620,2026,0.10713362,0.10369318181818182,704,73,438.0,0.08995932,228.0,0.14207476,30.0,0.088631704,"Basso, Brady",ATH,39.280667178862316,83.92100076829348,90.16719553903113,94.29799415080916,84.76000765688946,669620.0,96.22586650299446,100.66113262656695,95.4756263251869
669622,2026,0.13609567,0.0944741532976827,561,53,182.0,0.10897125,360.0,0.15393047,14.0,0.0383859,"Bender, Anthony",MIA,57.12346881277928,110.68520321916893,106.17231060160577,100.94060166914821,70.45660904054964,669622.0,114.30185873605953,101.29769516728618,108.67791821561337
669684,2026,0.11790633,0.146875,640,94,238.0,0.09907723,380.0,0.12793289,22.0,0.14841698,"Murphy, Chris",CWS,46.56536772069954,94.8480515810493,97.10086907621634,87.20311836177693,110.63031020476619,669684.0,107.61649165424464,92.17561935258284,97.95043406515882
669704,2026,0.106051825,0.0,59,0,49.0,0.09979106,10.0,0.13672957,0.0,0.0,"Strowd, Kade",AZ,38.46609161176947,82.69913741765421,97.78304910262402,91.60355327420106,,669704.0,94.64633333333333,50.783666666666676,57.86300000000001
669711,2026,0.128216,0.11383709519136408,1019,116,645.0,0.11333782,233.0,0.13719366,134.0,0.18569104,"Weissert, Greg",BOS,53.07122673770756,104.60684010656135,109.18698096020903,91.939744941561,128.13066986803074,669711.0,102.87153299492384,104.55922842639593,103.58927918781724
669713,2026,0.12692283,0.11457174638487208,899,103,522.0,0.106411576,267.0,0.17294343,109.0,0.113341674,"Wesneski, Hayden",HOU,52.355910745691446,103.53386611853716,104.28323637668888,111.0763704828132,95.65069828730626,669713.0,95.80386160714284,100.3884151785714,97.19542410714287
669724,2026,0.13020769,0.0718562874251497,334,24,228.0,0.12348337,77.0,0.16250728,25.0,0.09099034,"Hanifee, Brenan",DET,54.10757990443504,106.16136985665256,117.38383416846202,105.49527734669365,85.48867650847448,669724.0,103.887344447251,100.82180474867393,102.27825566220426
669854,2026,0.11221242,0.1280701754385965,570,73,211.0,0.0887663,207.0,0.115497,152.0,0.14028625,"Blanco, Ronel",HOU,42.957064784790305,89.43559717718546,89.37956389890823,81.77472009370257,107.10882946857302,669854.0,92.67535201312633,101.41832353064916,95.19004846648994
669920,2026,0.10639966,0.09,300,27,161.0,0.09321523,33.0,0.11031999,105.0,0.12618415,"Alexander, Jason",HOU,38.70649487078072,83.05974230617109,93.08827591704754,78.806866159739,101.00339912790564,669920.0,89.86256363636363,96.05287878787877,86.2443212121212
669923,2026,0.1354037,0.11541168191414497,2842,328,1513.0,0.1046074,1089.0,0.17979658,234.0,0.13055678,"Kirby, George",SEA,56.60785317585867,109.911779763788,102.75249213267793,114.86164304349583,103.37031572609163,669923.0,101.46284620737654,111.68720250521919,111.83884481558809
669947,2026,0.12943278,0.10077519379844961,774,78,343.0,0.10136626,315.0,0.15091462,115.0,0.15524615,"Scholtens, Jesse",TB,53.66824407931414,105.50236611897121,99.56776290065646,99.83128107782485,113.22997308006057,669947.0,93.0760891257412,106.70589980087335,101.30339760429865
670036,2026,0.108612254,0.12925764192139738,1145,148,686.0,0.07800994,458.0,0.1546302,0.0,0.0,"Festa, Matt",CLE,40.43361996432765,85.65042994649147,80.46699979095239,101.47259594378065,,670036.0,102.0380545454545,92.11169090909091,95.03387272727272
670059,2026,0.13681802,0.12100456621004566,876,106,489.0,0.117066406,383.0,0.16206305,0.0,0.0,"Holderman, Colin",CLE,57.70084111907265,111.55126167860897,112.56283975700768,105.28958742884426,,670059.0,106.64632558139535,93.20681395348838,95.36697674418608
670062,2026,0.14221615,0.12849162011173185,716,92,217.0,0.068300314,498.0,0.17465396,0.0,0.0,"Garcia, Julian",CIN,60.719332821137684,116.07899923170652,70.5759172001519,112.25042986268792,,670062.0,88.67483146067417,101.67845505617976,91.0481741573034
670090,2026,0.08766608,0.09271523178807947,151,14,82.0,0.06919059,67.0,0.109938845,0.0,0.0,"Mills, Wyatt",LAD,31.283135843437115,71.92470376515567,71.50435880518697,78.54200505495675,,670090.0,98.89878378378378,55.22702702702702,56.375675675675666
670103,2026,0.1286272,0.09931506849315068,292,29,167.0,0.12018414,98.0,0.14963499,27.0,0.1045987,"Burgos, Raymond",BOS,53.30198473745591,104.95297710618387,114.89955653844801,98.96277964029916,92.64087950389815,670103.0,95.85840830449828,108.65051903114187,96.54297577854673
670167,2026,0.116337106,0.09446564885496184,1048,99,683.0,0.106888875,281.0,0.13155891,70.0,0.14648366,"Schreiber, John",KC,45.41022049311937,93.11533073967905,104.63456571831603,88.9236295171868,109.58177142015963,670167.0,101.9566075924744,97.04719423725726,99.16913764323273
670183,2026,0.1454229,0.1642512077294686,207,34,116.0,0.10485722,83.0,0.20691513,4.0,0.05194924,"Acton, Garrett",MIN,62.232110316257,118.3481654743855,103.09508375141914,126.41794945407202,73.34384351833037,670183.0,97.30177339901479,88.99290640394088,85.85073891625618
670245,2026,0.12776425,0.1223267750213858,1169,143,672.0,0.10934388,479.0,0.15359727,10.0,0.1346979,"Watson, Ryan",BOS,52.679341584644924,104.01901237696738,106.43457578801045,100.74747728540552,104.75761921394592,670245.0,91.15357099125619,112.56415733609664,105.63207650836229
670280,2026,0.1597192,0.1635593220338983,1180,193,477.0,0.11938387,218.0,0.13077416,479.0,0.213481,"Bednar, David",NYY,68.03880771299671,127.05821156949507,114.4348380489335,88.08298118553738,135.10711584187652,670280.0,103.10679965307892,104.86867302688643,107.13890719861237
670329,2026,0.114547774,0.1556420233463035,1028,160,335.0,0.08346342,406.0,0.15153904,277.0,0.097683154,"Garcia, Rico",BAL,44.227195231845364,91.34079284776804,85.02159311451527,100.12051227119207,89.22599303239168,670329.0,98.04445115810675,101.18279959718028,101.73885196374623
670810,2026,0.13144171,0.09523809523809523,63,6,27.0,0.079558045,21.0,0.21820934,15.0,0.10335764,"Gillaspie, Logan",SD,54.694472240345405,107.0417083605181,81.63971591134526,129.3994597681008,92.00587744873147,,,,
670912,2026,0.10920496,0.10897435897435898,156,17,83.0,0.07566145,73.0,0.14734347,0.0,0.0,"Oviedo, Johan",BOS,40.96480040576293,86.4472006086444,77.96110942517632,97.70132607151935,,670912.0,104.58788732394366,94.28845070422535,98.40140845070422
670950,2026,0.11132476,0.10542168674698796,1328,140,836.0,0.0915373,114.0,0.1415682,361.0,0.14662623,"Richards, Trevor",CWS,42.21458752605628,88.32188128908442,91.44224173489715,94.14223605435481,109.65018108089376,670950.0,89.67953040436156,102.88697299438857,89.05388362021708
670970,2026,0.17427383,0.17638376383763837,1355,239,820.0,0.15206239,205.0,0.18696278,304.0,0.23077892,"Morejon, Adrian",SD,73.0351293907291,134.55269408609365,133.79345479058026,117.9263725215312,142.6714486344906,670970.0,129.09607932875664,104.22561403508769,131.04508009153326
670990,2026,0.13156082,0.12044046799724707,1453,175,642.0,0.095922366,773.0,0.16223192,6.0,0.050934106,"Ramírez, Yohan",PIT,54.764553639391266,107.1468304590869,95.11293021073956,105.3923056422339,72.78531263991582,670990.0,109.61141788483368,91.4730928595575,98.15360073387694
671096,2026,0.10620644,0.10463934981374873,2953,309,1417.0,0.07553927,955.0,0.14403307,570.0,0.11848789,"Abbott, Andrew",CIN,38.52681473865336,82.79022210798004,77.81880779125575,95.47331445469632,97.59450660211903,671096.0,93.87854086285517,98.84716239915821,93.38212556997543
671106,2026,0.10762154,0.09024390243902439,410,37,278.0,0.099722855,77.0,0.14461577,55.0,0.095753886,"Allen, Logan",CLE,39.7157509856614,84.5736264784921,97.63730108533407,95.82524897538231,87.7293733613132,671106.0,97.6588163666121,96.36191729405347,90.07143087834152
671109,2026,0.108573504,0.05357142857142857,56,3,34.0,0.07874846,21.0,0.16168573,1.0,0.0072682565,"Eder, Jake",LAD,40.38398862701395,85.57598294052093,81.12095201250669,105.13597221992416,61.55156902541331,671109.0,91.89428571428572,97.21642857142857,90.23785714285715
671111,2026,0.12490511,0.0875,400,35,164.0,0.08770693,165.0,0.15795098,71.0,0.13403092,"Peralta, Sammy",LAA,51.20925555931096,101.81388333896643,88.43262345185158,103.03332203995237,104.291239846879,671111.0,96.31951551724136,101.03768922413794,95.44491293103447
671162,2026,0.12499115,0.09785202863961814,419,41,261.0,0.11248341,76.0,0.16118103,81.0,0.13260314,"Thomas, Connor",KC,51.367226823152144,102.05084023472821,108.33268972175838,104.77959045946562,104.11743557738413,671162.0,95.72339962874568,105.45142094592859,101.48562972087491
671212,2026,0.13193373,0.10951008645533142,347,38,142.0,0.11851876,155.0,0.13653322,50.0,0.15577383,"Boyle, Joe",TB,55.118585635695894,107.67787845354384,113.54463095398167,91.49055395629333,113.39514903734036,671212.0,108.71496051213236,85.69428272873266,97.74321732626439
671345,2026,0.11779583,0.06578947368421052,456,30,268.0,0.105638005,119.0,0.13987884,61.0,0.1271214,"Foley, Jason",SF,46.43211304864339,94.64816957296509,103.58736364851188,92.92531000186017,101.78670723814378,671345.0,99.03084821428573,103.65250000000003,103.9367410714286
671382,2026,0.1354055,0.12698412698412698,189,24,148.0,0.14323434,41.0,0.107145265,0.0,0.0,"Foster, Cameron",BAL,56.64688110452435,109.97032165678652,129.42408279984812,76.6298431416068,,671382.0,102.35809523809525,80.25269841269841,82.92814814814814
671737,2026,0.13118346,0.12838941522378308,3061,393,2179.0,0.13814282,287.0,0.11618442,594.0,0.11308567,"Bradley, Taj",MIN,54.55499398789332,106.83249098183998,127.15514076397656,82.17169633285779,95.53437781655859,671737.0,109.54181154611813,91.0954346383543,99.74049767750498
671922,2026,0.14131457,0.1680933852140078,1285,216,814.0,0.113800146,133.0,0.17220964,323.0,0.19738705,"Smith, Cade",CLE,59.56638003567235,114.34957005350853,109.77335253487,110.57598839350037,132.33472966293687,671922.0,113.50587080948485,102.40686835650044,114.47465249386751
671936,2026,0.13342158,0.12776831345826234,587,75,230.0,0.083876684,263.0,0.17791705,84.0,0.13241509,"Macko, Adam",TOR,55.772804768154636,108.65920715223196,85.17888422719096,114.01883936610221,104.00187385421992,671936.0,97.51392823659985,98.73340284464511,94.99333015603578
672021,2026,0.094089895,0.11475409836065574,122,14,73.0,0.082326636,49.0,0.111614764,0.0,0.0,"Cerantola, Eric",KC,32.565211181227156,73.84781677184074,84.2090540446479,80.15779881985452,,672021.0,88.63950413223141,42.17256198347106,37.471239669421486
672282,2026,0.13466433,0.1417713152676801,3026,429,1416.0,0.09756434,1326.0,0.17619842,281.0,0.12677498,"Detmers, Reid",LAA,56.29915303111958,109.44872954667937,96.1154371516011,113.2181233777624,101.56250092884068,672282.0,104.1186900742741,109.25916948008101,110.34532748143143
672335,2026,0.15137067,0.11248454882571075,809,91,408.0,0.10786312,401.0,0.1956377,0.0,0.0,"Pérez, Cionel",NYM,65.09190919784045,122.63786379676068,105.44760624073109,121.59297206407685,,672335.0,106.22362285413966,101.84252951699459,107.68074895587323
672442,2026,0.14368318,0.12237762237762238,286,35,134.0,0.09195339,132.0,0.1904681,20.0,0.18149231,"Cruz, Yovanny",WSH,61.17571609010753,116.76357413516129,91.89051821794112,119.61326521895319,124.72683073669259,672442.0,116.16296875,83.99367187499999,102.357421875
672456,2026,0.11192291,0.08744588744588745,2310,202,1220.0,0.09736225,770.0,0.14217855,314.0,0.094718315,"Montero, Keider",DET,42.63209892527501,88.94814838791251,95.91646098040556,94.40149132662177,87.25621694022554,672456.0,93.3426041410125,101.25808771657391,94.45413821026105
672578,2026,0.13022758,0.11764705882352941,51,6,28.0,0.079637475,11.0,0.15619846,12.0,0.22446448,"Hernández, Carlos",CLE,54.1416946852039,106.21254202780585,81.74086547892553,102.20117433229824,138.4484309745867,672578.0,102.43294117647059,86.29333333333334,91.02156862745097
672582,2026,0.12953411,0.07327586206896551,232,17,169.0,0.118985206,47.0,0.18523431,16.0,0.07733756,"Zerpa, Angel",MIL,53.80263266720033,105.70394900080049,113.98357751681698,117.25524070564012,80.520687034795,672582.0,106.8627906976744,103.47311627906977,105.30325581395351
672629,2026,0.11045366,0.12275449101796407,334,41,204.0,0.10003157,45.0,0.1473322,81.0,0.11564495,"Carrillo, Gerardo",AZ,41.65057350845835,87.47586026268752,98.21909601597355,97.65254008759517,96.34342000806866,672629.0,99.7194285714286,85.87041269841266,86.38044444444449
672782,2026,0.114784755,0.12213740458015267,1179,144,799.0,0.09576721,271.0,0.16977523,64.0,0.10305429,"Gómez, Yoendrys",MIN,44.411293480990295,91.61694022148544,94.96076495151362,109.43183552549712,91.81260205646657,672782.0,112.85308293102975,81.28715827559502,93.20540924564725
672841,2026,0.1277697,0.09090909090909091,319,29,233.0,0.12321739,86.0,0.1401033,0.0,0.0,"Vargas, Carlos",SEA,52.71183373555173,104.0677506033276,117.19720630895779,93.08653017010823,,672841.0,107.04580645161288,99.52494623655912,102.13935483870968
673380,2026,0.15961725,0.22535211267605634,213,48,113.0,0.10462183,96.0,0.22806741,4.0,0.07043409,"Núñez, Dedniel",NYM,67.88161225668111,126.82241838502166,102.80134181595605,134.40885811705152,77.39741041292615,673380.0,105.37613207547172,108.25735849056602,113.99122641509437
673513,2026,0.1384062,0.1537761601455869,1099,169,445.0,0.08355342,360.0,0.16256727,281.0,0.19509687,"Matsui, Yuki",SD,58.21695888102938,112.32543832154407,85.10044346155199,105.54686017035729,131.28033349047743,673513.0,103.38417663293474,90.52382704691811,93.82415823367066
673540,2026,0.13992676,0.12920353982300886,1130,146,666.0,0.103618406,161.0,0.13081214,302.0,0.2252598,"Senga, Kodai",NYM,58.98817269385917,113.48225904078876,101.68422163867673,88.14895746329447,140.16926363448334,673540.0,97.39256503083935,91.68337463126846,93.84815187270938
673929,2026,0.15354007,0.1378299120234604,341,47,188.0,0.12190561,138.0,0.19849895,10.0,0.14602903,"Leasure, Jordan",CWS,65.39222444602993,123.08833666904489,116.30152492266987,123.20925417409052,109.44554569931907,673929.0,104.93762782479712,94.19653367943462,99.48954912311319
674003,2026,0.10347247,0.09040333796940195,719,65,385.0,0.077705376,110.0,0.1414915,224.0,0.12908961,"Bradford, Cody",TEX,36.85714068995894,80.2857110349384,80.24056170618275,93.93356821276929,102.74467890513381,674003.0,86.6252407732156,109.92070647414667,92.73062806411663
674073,2026,0.1334247,0.12682926829268293,205,26,138.0,0.1114827,52.0,0.18834814,15.0,0.14488968,"Weisenburger, Jack",NYM,55.809858355222445,108.71478753283367,107.77798632032363,118.95247035526657,109.10832752115373,674073.0,101.80798029556648,99.23251231527094,95.14108374384236
674370,2026,0.12547103,0.1111111111111111,333,37,167.0,0.094639905,146.0,0.16967686,20.0,0.060208403,"Bido, Osvaldo",CWS,51.525540037421564,102.28831005613235,94.29511537354553,109.25625623298706,75.05379052213303,674370.0,99.0085994819596,89.14938214222019,85.53407909346296
674444,2026,0.11821144,0.14909478168264112,939,140,789.0,0.11315576,141.0,0.1456209,0.0,0.0,"Cruz, Steven",KC,46.76412034093873,95.14618051140809,108.89903196276047,96.47294813706776,,674444.0,108.58929101211588,97.12936966731561,103.1649486340812
674841,2026,0.129149,0.11631663974151858,1857,216,786.0,0.0908866,970.0,0.16283125,101.0,0.10343103,"Alvarez, Andrew",WSH,53.467887892282036,105.20183183842306,91.0436433656248,105.70200584919084,92.19783461830629,674841.0,95.1515025451181,99.36250979152929,98.84914393852823
675512,2026,0.116126545,0.1161872532430908,1773,206,1132.0,0.10309081,441.0,0.14451483,200.0,0.12731263,"Melton, Troy",DET,45.235446360608734,92.8531695409131,101.05730825045907,95.77511759829403,101.89895712688319,675512.0,100.22173669467784,100.07926050420167,101.74826890756303
675540,2026,0.09555071,0.08022922636103152,349,28,158.0,0.070990324,137.0,0.116261326,53.0,0.11627711,"Curry, Xzavion",NYM,33.11159499020029,74.66739248530044,73.08847422685399,82.36558105818595,96.62968427390837,675540.0,86.59576410450964,94.13013927298503,84.38546509190019
675627,2026,0.1668672,0.14606741573033707,89,13,48.0,0.11949223,41.0,0.22233056,0.0,0.0,"Grove, Michael",TB,71.23045968674558,131.84568953011836,114.51132349152552,130.84606020594086,,675627.0,92.98067415730338,120.4743820224719,110.75820224719101
675660,2026,0.12158129,0.13143428285857073,2001,263,1209.0,0.09420617,691.0,0.17275973,101.0,0.09912811,"Drohan, Shane",MIL,49.1058235379289,98.65873530689335,93.82768939839423,110.95013666728306,89.86516428399278,675660.0,99.87931044281781,99.00956884956216,97.6127668453355
675848,2026,0.10764251,0.11010558069381599,1326,146,768.0,0.0768751,516.0,0.15484482,27.0,0.07588873,"Mejia, Juan",COL,39.76877648316374,84.65316472474561,79.16096455964261,101.56950183421112,79.2912644627301,675848.0,96.77303750756201,95.66569792296836,89.53379592659809
675911,2026,0.13033143,0.14327062228654125,691,99,329.0,0.10093908,291.0,0.16695929,71.0,0.11640721,"Strider, Spencer",ATL,54.1758577361231,106.26378660418465,98.894547082479,107.8383661920405,96.6867867978554,675911.0,96.75165217391304,93.96284057971015,90.08773913043477
675916,2026,0.13070215,0.10493827160493827,162,17,98.0,0.13578029,64.0,0.122926235,0.0,0.0,"Karinchak, James",ATL,54.34741598796692,106.52112398195038,125.78879393170646,85.13835695650417,,675916.0,94.68944099378882,91.76074534161492,87.80099378881987
675919,2026,0.1560571,0.02666666666666667,75,2,23.0,0.13328417,51.0,0.1692569,1.0,0.006644684,"Raquet, Nick",BAL,66.75939722773444,125.13909584160166,124.24636823271234,109.0241020893914,59.830736365516735,675919.0,99.33306666666667,87.39626666666668,86.0472
675989,2026,0.09944614,0.08184143222506395,391,32,263.0,0.103247195,86.0,0.0893583,42.0,0.09630041,"Bolton, Cody",HOU,34.504518245139394,76.75677736770909,101.20177692630178,67.84344285682533,88.03813256309913,675989.0,98.31257071998762,98.09669193210881,96.28774021545378
676051,2026,0.12136888,0.12980769230769232,208,27,88.0,0.07941259,70.0,0.16762201,50.0,0.13045757,"Heuer, Codi",CLE,48.97991590384974,98.46987385577461,81.53772449907095,108.00461917478637,103.25615865309385,676051.0,97.58243386243387,84.32349206349205,82.29111111111112
676083,2026,0.1158552,0.07771765863256272,2033,158,802.0,0.09232048,878.0,0.13303033,351.0,0.12718907,"Junk, Janson",MIA,45.200317928645745,92.80047689296862,92.27689114575551,89.7916924671476,101.84281928269539,676083.0,100.18748514814953,109.51284533371052,108.45766082329885
676105,2026,0.11403911,0.12658227848101267,79,10,33.0,0.080679305,37.0,0.13887592,9.0,0.13425142,"Criswell, Jeff",COL,43.89076158008737,90.83614237013106,82.42680743045857,92.38182053388547,104.46562218344141,676105.0,80.51772151898734,87.88708860759493,76.76354430379746
676106,2026,0.11539563,0.12270220588235294,2176,267,1617.0,0.109802246,446.0,0.13335253,108.0,0.12553777,"Hancock, Emerson",SEA,44.91710025706715,92.37565038560072,106.91172408295246,89.91289151960744,100.66865558954984,676106.0,100.93122401847572,106.09527020785212,101.60292840646652
676130,2026,0.1147654,0.14285714285714285,63,9,41.0,0.1034538,14.0,0.14936762,8.0,0.112183474,"Buttó, José",SF,44.37462703587136,91.56194055380705,101.53932793757834,98.76940904238018,95.12508152627927,676130.0,91.78953846153847,68.82092307692307,67.684
676254,2026,0.13041721,0.06230031948881789,626,39,427.0,0.123996876,189.0,0.14486456,0.0,0.0,"Walker, Ryan",SF,54.24433079960514,106.3664961994077,117.76539369166522,95.92537261240642,,676254.0,105.52745033112586,97.9083774834437,103.09864238410596
676263,2026,0.1411323,0.13760603204524033,1061,146,499.0,0.13156337,550.0,0.15010402,0.0,0.0,"Dreyer, Jack",LAD,59.41887969702974,114.1283195455446,122.77138878446542,99.34903646218261,,676263.0,103.23425526358083,102.72149610253938,106.14351052716175
676272,2026,0.13036616,0.1095890410958904,146,16,68.0,0.092050694,64.0,0.179591,10.0,0.07731517,"Miller, Bobby",LAD,54.210069593843265,106.3151043907649,92.00144933068415,114.78309752926785,80.39051179192838,676272.0,100.51647887323945,93.02183098591547,89.04887323943662
676282,2026,0.10805199,0.12945791726105563,2804,363,1144.0,0.08007345,966.0,0.13943766,689.0,0.11104292,"Cantillo, Joey",CLE,39.873973634391945,84.81096045158792,82.13740276937358,92.70906722369912,94.88957759368307,676282.0,93.61529725299644,96.0072822956674,91.6741892906652
676395,2026,0.11453689,0.10561056105610561,303,32,134.0,0.07147022,62.0,0.14751941,107.0,0.14935946,"Garcia, Robert",TEX,44.153008117797974,91.22951217669696,73.32519085126259,97.84754035614571,111.13766529328416,676395.0,107.87728222996515,96.11080139372824,106.10836236933801
676428,2026,0.12643567,0.0859375,512,44,302.0,0.12214691,152.0,0.14696918,54.0,0.091936216,"Hurter, Brant",DET,52.00294837273711,103.00442255910566,116.47597288663769,97.45714227146102,86.2695236823578,676428.0,116.37435387673958,84.08906560636184,97.21852882703782
676440,2026,0.11238794,0.1109282422646478,3038,337,2079.0,0.111457765,491.0,0.12593041,468.0,0.10231206,"Bibee, Tanner",CLE,43.03714416923474,89.55571625385211,107.72310885424449,85.83125457294172,91.35621073423835,676440.0,102.49933198380565,99.96581646423749,100.67374493927129
676454,2026,0.1324895,0.13793103448275862,116,16,51.0,0.08550981,61.0,0.17133246,0.0,0.0,"Cellucci, Brendan",TOR,55.479153913046154,108.21873086956923,86.74166307190444,110.39136749834738,,676454.0,105.57423423423423,111.11063063063065,117.27261261261262
676467,2026,0.13122213,0.07942238267148015,277,22,135.0,0.08535172,99.0,0.19283484,38.0,0.13662624,"Gordon, Colton",HOU,54.62462065267687,106.9369309790153,86.52740234673132,120.93472037858318,105.28787757173609,676467.0,98.8442540263969,103.93043171114601,103.76358480144197
676477,2026,0.16407785,0.18326693227091634,753,138,424.0,0.14229053,193.0,0.19682187,136.0,0.1855354,"Whitlock, Garrett",BOS,69.70771657134733,129.56157485702101,128.49564119481303,122.44220314324542,127.50871953723873,676477.0,98.83479784366573,111.66110512129383,108.64145552560647
676508,2026,0.14187478,0.1297709923664122,131,17,72.0,0.12660402,57.0,0.16517375,2.0,0.027601285,"Casparius, Ben",LAD,60.126026365608055,115.18903954841208,119.75943829381723,106.69974134225706,67.66527033706316,676508.0,102.71292929292932,99.27595959595963,105.80707070707068
676510,2026,0.09985685,0.10480349344978165,229,24,174.0,0.098011576,35.0,0.11467544,20.0,0.08997829,"Hoffman, Nolan",KC,34.70941733348209,77.06412600022313,96.41263635148812,81.36455107497571,85.12872898594453,676510.0,95.34689238499732,86.88540647245317,84.25809834300414
676534,2026,0.1265333,0.11101694915254237,1180,131,692.0,0.107310005,483.0,0.15432735,0.0,0.0,"Faucher, Calvin",MIA,52.09894519196988,103.14841778795483,105.09007148364898,101.1822303879483,,676534.0,102.82589041095885,95.90234589041094,99.93525684931504
676568,2026,0.10633847,0.0918918918918919,185,17,93.0,0.075011715,44.0,0.10637932,47.0,0.16963644,"Vanasco, Ricky",DET,38.647008541801505,82.97051281270225,76.91980404767078,75.95769721777077,118.97271560608803,676568.0,89.12941176470588,102.17623529411765,93.13235294117646
676571,2026,0.1248545,0.06726457399103139,669,45,348.0,0.08721294,235.0,0.17522846,82.0,0.14010538,"Poulin, PJ",WSH,51.14615365584987,101.71923048377481,87.84175994021565,112.52157840110165,106.92240541327237,676571.0,94.44505036654901,95.36302457235949,88.26549117567203
676596,2026,0.11655948,0.1,80,8,34.0,0.129457,26.0,0.11011959,20.0,0.103005566,"Fleming, Josh",TOR,45.549034750144834,93.32355212521725,121.89854522398821,78.67526669060948,91.74787526869635,676596.0,106.87759999999999,92.01386666666667,99.98666666666666
676604,2026,0.138256,0.11637347767253045,739,86,380.0,0.10616852,354.0,0.17312363,5.0,0.10827647,"Zuber, Tyler",MIA,58.085917704539625,112.12887655680944,104.03372894222241,111.39545060874778,94.05485179241438,676604.0,112.37838383838388,101.43887445887445,109.07653679653679
676617,2026,0.14311987,0.1144186046511628,1075,123,620.0,0.12201404,431.0,0.17629476,12.0,0.07514987,"O'Brien, Riley",STL,61.00188500313988,116.50282750470983,116.38847182890632,113.36086930778475,78.99840513451002,676617.0,106.3163981042654,98.2698578199052,101.59148815165878
676620,2026,0.14999521,0.10810810810810811,296,32,53.0,0.09166263,209.0,0.16959801,22.0,0.11819038,"Weiman, Blake",LAA,64.35130197104094,121.52695295656142,91.55501366918135,109.19801168527499,97.4250784294868,676620.0,95.30574468085105,118.65659574468086,112.79638297872337
676661,2026,0.12254967,0.10256410256410256,156,16,94.0,0.12340038,27.0,0.104509324,35.0,0.1341817,"Lazar, Max",PHI,49.67094566703944,99.50641850055916,117.29018567365144,75.04310821172388,104.40742881767041,676661.0,96.5224358974359,107.01923076923077,105.17717948717949
676664,2026,0.11005904,0.09829867674858223,529,52,269.0,0.087990336,150.0,0.12084752,110.0,0.14931543,"Sears, JP",SD,41.33561976808693,87.0034296521304,88.68952333297038,83.90707987524995,111.06441493884608,676664.0,91.24114467998919,99.25217205644068,91.6053730083716
676680,2026,0.09358667,0.08582089552238806,268,23,90.0,0.068272315,178.0,0.10638606,0.0,0.0,"Cosgrove, Tom",WSH,32.420146379321125,73.63021956898169,70.23977270314421,76.13025891663253,,676680.0,98.57925093632959,105.69498127340826,97.6751310861423
676684,2026,0.15032282,0.13609467455621302,507,69,301.0,0.10614982,148.0,0.23798901,58.0,0.1558655,"Vest, Will",DET,64.61967923645494,121.92951885468241,103.98396330466176,139.19544054834418,113.47834887557275,676684.0,105.07954356846471,106.6951867219917,108.34966804979254
676702,2026,0.10404088,0.08928571428571429,56,5,38.0,0.095552385,18.0,0.121961065,0.0,0.0,"Stratton, Hunter",PIT,37.29060014713818,80.93590022070727,94.65485383814573,84.32924697082005,,676702.0,105.64392857142856,98.60249999999999,98.25107142857142
676742,2026,0.12723087,0.16333938294010888,551,90,266.0,0.090699986,212.0,0.17616473,69.0,0.117194824,"Sanders, Cam",BAL,52.48496859046317,103.72745288569476,90.75502417317361,113.14719761586475,96.97159781287223,676742.0,101.5709347281468,89.06510731938519,92.78376176450672
676755,2026,0.11404027,0.10377358490566038,742,77,523.0,0.11325885,144.0,0.12265069,75.0,0.10295741,"Mattson, Isaac",PIT,43.928479343630435,90.89271901544565,109.01381241300463,84.82001280331554,91.6179576694418,676755.0,98.63551401869162,96.98931909212286,91.70510013351132
676760,2026,0.11256766,0.12218045112781954,1064,130,673.0,0.095876575,97.0,0.13366291,293.0,0.1442284,"Marinaccio, Ron",SD,43.19598071082856,89.79397106624283,95.06226508925627,90.09346660766904,108.77565136839675,676760.0,94.33447936069358,93.92473540323928,88.57741967504488
676775,2026,0.14194727,0.10802469135802469,648,70,302.0,0.104568295,48.0,0.13142644,294.0,0.18236893,"Winn, Keaton",SF,60.33756526274246,115.50634789411369,102.6061159286766,88.73279275355671,125.40170852591275,676775.0,97.56253124999998,100.51228125000002,99.89434374999999
676879,2026,0.14437217,0.12844036697247707,1635,210,884.0,0.12251351,556.0,0.18764384,191.0,0.12005616,"Ashby, Aaron",MIL,61.53390838823053,117.30086258234579,116.65267823231079,118.42864196652697,98.15718071730461,676879.0,118.36525916561304,95.21817951959547,116.57763590391906
676910,2026,0.121322155,0.1346153846153846,52,7,42.0,0.124843486,10.0,0.10653257,0.0,0.0,"Seelinger, Matt",NYM,48.9484144923219,98.42262173848286,118.56512768384579,76.4662055125161,,676910.0,100.89000000000001,70.84846153846154,70.85384615384615
676917,2026,0.12660873,0.12793550648440238,2853,365,1469.0,0.09223258,1160.0,0.1729738,218.0,0.11447388,"Cavalli, Cade",WSH,52.1951358322474,103.29270374837111,92.16703191006715,111.26720724644329,96.11345082779987,676917.0,101.61623648161492,99.35638788752703,99.64556596971879
676962,2026,0.12946767,0.12788461538461537,1040,133,598.0,0.10129206,382.0,0.17623563,60.0,0.112528406,"Brown, Ben",CHC,53.76897203134596,105.65345804701894,99.3755636070468,113.28934590401487,95.30092104763406,676962.0,101.52006909240114,98.58345253537347,99.42253679633626
676974,2026,0.15405661,0.13344500279173646,1791,239,603.0,0.09781678,1003.0,0.19704893,183.0,0.10503685,"Meyer, Max",MIA,65.60041815073163,123.40062722609744,96.3137320958624,122.5909286183805,92.82878579900432,676974.0,97.64593172915502,104.81021824286515,105.1086625629547
676979,2026,0.14449805,0.11696869851729819,607,71,481.0,0.14204459,89.0,0.17247654,30.0,0.09768086,"Crochet, Garrett",BOS,61.656647931230594,117.48497189684589,128.20908913722081,110.82467364425001,89.15377298806618,676979.0,113.19911025145069,94.61694390715665,104.79868471953577
677020,2026,0.122257896,0.10331384015594541,513,53,264.0,0.10949236,191.0,0.14959088,50.0,0.08469691,"Walker, Josh",BAL,49.420017217783524,99.13002582667528,106.59287915726864,98.91445440315246,83.38994136169413,677020.0,98.98931999999999,96.68844000000003,96.93892
677053,2026,0.14476539,0.1431980906921241,419,60,206.0,0.10946689,164.0,0.19348201,49.0,0.13011168,"Nardi, Andrew",MIA,61.90754438197558,117.86131657296337,106.54003060884824,121.193133840261,103.02840218712777,677053.0,108.58763723150358,97.90491646778041,105.79847255369934
677161,2026,0.13565068,0.08441558441558442,308,26,230.0,0.12830913,68.0,0.16157213,10.0,0.12824075,"Kelly, Zack",BOS,56.9229832782488,110.3844749173732,121.22399595610261,105.08488741100095,102.34908653673781,677161.0,108.064,99.0767857142857,108.19364285714288
677865,2026,0.1258109,0.07857672349888807,1349,106,680.0,0.11573404,542.0,0.14621764,116.0,0.09175975,"Bruihl, Justin",STL,51.716025532874916,102.57403829931238,111.76229878490722,96.86821160907914,85.92719004253061,677865.0,102.34476699770816,103.48511841100074,104.48184873949579
677944,2026,0.10570886,0.09777347531461762,2066,202,1489.0,0.103019096,528.0,0.11376961,43.0,0.10169837,"Cecconi, Slade",CLE,38.21883086256491,82.32824629384736,101.00917447315832,80.8313878398227,91.15816303225333,677944.0,94.62459617510657,101.1185343039707,91.63865820857507
677952,2026,0.14212257,0.1326150020721094,2413,320,1139.0,0.11545137,1174.0,0.16974406,100.0,0.121631056,"Ashcraft, Braxton",PIT,60.553834257806095,115.83075138670914,111.3104766670296,109.37316658063676,98.77317087232652,677952.0,106.81082362728782,107.10788685524126,109.93977537437603
677955,2026,0.12040375,0.1464088397790055,724,106,374.0,0.09843517,192.0,0.15014933,150.0,0.13681605,"Hill, Jaden",COL,47.933074807187616,96.89961221078143,96.56070224879072,99.39728298208833,105.40659197104915,677955.0,96.82788405797108,92.97008695652171,88.87510144927533
677958,2026,0.13231356,0.12410215482841182,2506,311,1456.0,0.10168687,939.0,0.18702918,101.0,0.07135817,"Rocker, Kumar",TEX,55.33409706241281,108.00114559361921,99.95198021923109,118.02521367534585,77.7382389946078,677958.0,91.45703534489057,95.59941857752146,89.13445952439291
677960,2026,0.14748348,0.1207115628970775,2361,285,1023.0,0.11214977,747.0,0.17099416,590.0,0.17916572,"Weathers, Ryan",NYY,62.995652974503514,119.49347946175527,108.10948178205888,110.02675550788665,123.50998464230751,677960.0,102.6465582417582,108.29616703296708,110.01912967032969
677961,2026,0.13010933,0.14314115308151093,503,72,218.0,0.081320174,222.0,0.17226818,59.0,0.15236168,"Wilcox, Cole",SEA,54.07351286168304,106.11026929252456,83.2580963935422,110.63788505478071,112.11560535716225,677961.0,99.26295081967217,94.64905737704919,93.64020491803278
677976,2026,0.12438391,0.08702531645569621,1264,110,610.0,0.10602627,375.0,0.13450792,279.0,0.15091316,"Dobnak, Randy",KC,50.98859280408739,101.48288920613109,103.8845628483989,90.56816447450288,111.50799116723569,677976.0,81.35825180328081,105.64119406424217,88.16199738288384
678020,2026,0.12769842,0.10163339382940109,551,56,337.0,0.09396768,157.0,0.18683338,48.0,0.17139469,"Halvorsen, Seth",COL,52.646877696087294,103.97031654413094,93.61803227494201,117.82830366714221,120.28370577885035,678020.0,105.10596502550862,86.0766136005081,91.67561743192577
678022,2026,0.1261765,0.13033175355450238,2110,275,1036.0,0.097023435,640.0,0.16411057,390.0,0.13892165,"Perkins, Jack",ATH,51.81149795415536,102.71724693123303,95.56649275634705,106.32893333122848,106.24764619459197,678022.0,97.58585078518156,100.92596856685878,99.58533021437803
678061,2026,0.12095499,0.12264150943396226,212,26,132.0,0.09997219,80.0,0.15557662,0.0,0.0,"Kerr, Ray",ATL,48.47445996257844,97.71168994386767,98.17072733541343,101.86062941957374,,678061.0,99.75033694187805,108.25472874366567,106.9870665472177
678368,2026,0.101485945,0.12121212121212122,231,28,125.0,0.08118751,56.0,0.14539854,42.0,0.09650403,"Bellozo, Valente",COL,35.73589900020001,78.60384850030002,82.98679672363114,96.27441143295677,88.266413611111,678368.0,85.92295857988164,86.81278106508877,74.49751479289941
678391,2026,0.043842826,0.0,54,0,0.0,0.0,0.0,0.0,0.0,0.0,"Vivas, Jorbit",WSH,27.775069025916622,66.66260353887493,,,,678391.0,20.846792452830186,83.66037735849055,22.030943396226412
678394,2026,0.11820414,0.12160751565762004,1916,233,1197.0,0.11761909,322.0,0.15741237,387.0,0.08773614,"Bello, Brayan",BOS,46.73108565774664,95.09662848661996,112.90711955978614,102.83677639409188,84.47730692403508,678394.0,92.47870760180875,107.18127863421297,100.20508252128177
678576,2026,0.1256836,0.09836065573770492,61,6,52.0,0.117706895,9.0,0.17177129,0.0,0.0,"Ramos, Wilkin",SF,51.588970308684246,102.38345546302637,112.9767931232737,110.45273167797497,,678576.0,94.4470588235294,97.19088235294117,91.29235294117647
678606,2026,0.1360772,0.09814323607427056,1131,111,776.0,0.13550292,146.0,0.14114226,198.0,0.1362563,"Ferrer, José A.",SEA,57.083144590252154,110.62471688537823,125.37756860314393,93.67106666877152,105.16949346797566,678606.0,125.40051803885285,94.3194079555967,115.62962072155412
678868,2026,0.12401263,0.06547619047619048,168,11,101.0,0.12419726,17.0,0.116183974,50.0,0.12630141,"Yean, Eddy",WSH,50.579982782216476,100.86997417332472,117.96055672725495,82.0736274784688,101.1150832017905,678868.0,89.2746954972465,113.94013200518305,106.71043164885002
678906,2026,0.114896476,0.11580594679186229,1278,148,564.0,0.07997226,588.0,0.15423156,126.0,0.08766016,"Teng, Kai-Wei",HOU,44.520846086953846,91.78126913043077,82.03944327274505,101.13388210378719,84.3818397254721,678906.0,95.5801421800948,89.08194312796208,85.09788309636652
679358,2026,0.13050856,0.09449929478138223,709,67,180.0,0.08090826,163.0,0.1184605,358.0,0.16105141,"Orze, Eric",MIN,54.27864189931375,106.41796284897062,82.52183480224335,83.1132205869898,115.52269307596492,679358.0,95.92907738095234,96.63583333333334,95.46169642857143
679775,2026,0.14142255,0.07816711590296496,371,29,209.0,0.12758432,124.0,0.17877111,38.0,0.09565863,"Backhus, Kyle",PHI,59.71599161193188,114.57398741789781,120.96582429273944,114.2442315381353,87.651369505574,679775.0,109.67518462469735,95.48258373688459,99.26943099273608
679883,2026,0.12811291,0.10054137664346481,1293,130,690.0,0.09950748,470.0,0.1754025,133.0,0.10940336,"Avila, Luinder",KC,52.940103429004154,104.41015514350623,97.3938840713234,112.72765429914455,94.29511537354553,679883.0,100.29344653444616,90.49319703401333,93.76636422469353
679885,2026,0.13291052,0.11206896551724138,232,26,168.0,0.11546143,10.0,0.16504587,54.0,0.18124554,"Martinez, Justin",AZ,55.66211519494752,108.49317279242128,111.37438835486728,106.5933877127832,124.51261700362105,679885.0,127.41108225108226,83.57809523809523,111.7681385281386
680570,2026,0.11793019,0.11642294713160854,1778,207,905.0,0.08848482,399.0,0.13313377,467.0,0.1621908,"Rodriguez, Grayson",LAA,46.6317655740401,94.94764836106015,88.88004009354646,89.85237480505717,116.4059273882119,680570.0,102.63971751412434,99.22204519774014,99.91245197740113
680573,2026,0.11318435,0.08086469175340272,1249,101,543.0,0.0760328,398.0,0.13740158,305.0,0.14848441,"Woods Richardson, Simeon",MIN,43.35311889547565,90.02967834321348,78.23990886096126,91.99538082521363,110.70203581696352,680573.0,87.40969129187127,94.26198496993138,86.02598869532795
680604,2026,0.1158391,0.08695652173913043,460,40,305.0,0.10289284,108.0,0.16121449,47.0,0.09558523,"Castaño, Blas",COL,45.16513016805425,92.74769525208137,100.91293758719792,104.88113004413299,87.57303027128299,680604.0,91.35925764192142,102.27082969432311,90.53838427947599
680686,2026,0.11670837,0.10344827586206896,58,6,12.0,0.04872331,45.0,0.13687499,1.0,0.025031209,"Gray, Josiah",WSH,45.652584012033074,93.47887601804962,55.0,91.77216575952853,66.42174413544885,680686.0,84.95034482758619,103.61758620689655,95.41241379310347
680689,2026,0.12996888,0.11764705882352941,68,8,32.0,0.07636068,8.0,0.06510985,28.0,0.20976654,"Richardson, Lyon",CIN,53.97159290645305,105.95738935967957,78.64452643957058,62.11069124108597,134.29821926966474,680689.0,86.92058823529412,92.73382352941177,86.16
680694,2026,0.14192379,0.10761834319526627,2704,291,1446.0,0.10371252,1243.0,0.18737282,14.0,0.061395906,"Bradish, Kyle",BAL,60.2842490143386,115.4263735215079,101.78090398402645,118.32653987265532,75.27316926330744,680694.0,100.08822137404576,98.47843511450381,100.14090839694656
680702,2026,0.10396285,0.09302325581395349,129,12,124.0,0.1044132,3.0,0.09495602,2.0,0.089551866,"Gerber, Joey",NYM,37.14878987834389,80.72318481751583,102.41133051874212,69.91218544125178,84.94550541335974,680702.0,99.53410852713178,97.52480620155039,99.6337984496124
680704,2026,0.13311087,0.125,168,21,38.0,0.09152646,90.0,0.14396845,40.0,0.14818648,"Sandlin, Nick",LAA,55.698934023481364,108.54840103522204,91.38567425847319,95.42283860578124,110.4165738880456,680704.0,99.17734177215192,86.45506329113923,89.81556962025317
680723,2026,0.08544792,0.08223684210526316,304,25,229.0,0.08507839,35.0,0.07332001,36.0,0.093669675,"Rom, Drew",ATH,30.71154134742777,71.06731202114165,86.16405377549793,64.09030300272235,87.01482723315436,680723.0,88.91109166666666,92.79068949275366,84.63791739130436
680730,2026,0.13560194,0.15,740,111,247.0,0.097090244,486.0,0.15607563,5.0,0.09313936,"Parker, Mitchell",WSH,56.88322048626072,110.32483072939108,95.66672182667838,102.05509780896813,86.85201593571782,680730.0,95.43344461305004,101.59180576631259,96.2191502276176
680732,2026,0.12665257,0.12491536899119837,2954,369,1814.0,0.12752062,1078.0,0.12612279,60.0,0.11340874,"Burke, Sean",CWS,52.22724412672494,103.34086619008741,120.71371822096877,86.12967947860352,95.708760153121,680732.0,99.28748254486267,100.78738451287687,99.35453080442977
680736,2026,0.12921369,0.10442316461468308,2193,229,1282.0,0.10424773,797.0,0.17034662,107.0,0.12478007,"Wrobleski, Justin",LAD,53.534514767952835,105.30177215192926,102.26550963828208,109.72738270889286,100.38996387717,680736.0,97.41999681007879,113.52066290395884,108.78580786633194
680742,2026,0.14816262,0.1597222222222222,1008,161,592.0,0.14476112,278.0,0.17082414,137.0,0.11765424,"Bowlan, Jonathan",PHI,63.4461375204276,120.16920628064139,130.1120175095985,109.78694430497006,97.31194486681969,680742.0,111.65535751295327,102.86770984455958,114.37075647668404
680743,2026,0.14133498,0.09523809523809523,63,6,29.0,0.08153563,31.0,0.2024888,3.0,0.08747294,"Cusick, Ryan",PHI,59.61601137298605,114.42401705947907,83.34732176768921,124.76651532698111,84.18898217205,,,,
680744,2026,0.12358124,0.12169312169312169,756,92,488.0,0.114196025,163.0,0.15084323,104.0,0.12585887,"Madden, Ty",DET,50.23501803372594,100.35252705058892,110.25340419867163,99.78307268418438,100.72441856010636,680744.0,88.55351529595156,96.12045535620604,85.46248414946717
680755,2026,0.13885407,0.12111801242236025,1288,156,280.0,0.09083792,989.0,0.15253393,0.0,0.0,"Fisher, Braydon",TOR,58.43855781773871,112.65783672660807,90.8708768990054,100.26513795023162,,680755.0,98.50684325322486,96.21667882864396,93.34744876506866
680767,2026,0.12759072,0.11814744801512288,1058,125,530.0,0.101293616,363.0,0.17191502,160.0,0.11468997,"Vodnik, Victor",COL,52.58203314550885,103.87304971826327,99.42362180965978,110.51427129376317,96.17102670732513,680767.0,102.06143639990927,90.52281851539846,98.01555124825802
680802,2026,0.1345035,0.10566037735849057,530,56,262.0,0.10210028,189.0,0.17413281,79.0,0.14715798,"Weiss, Ryan",HOU,56.26099012346421,109.39148518519632,100.24010874727047,111.91701881446262,110.13483571600722,680802.0,101.78544393604442,90.16421222559252,93.06546984730862
680899,2026,0.13593155,0.15838509316770186,322,51,163.0,0.10167624,65.0,0.1753775,92.0,0.17078264,"Tolman, Erik",WSH,57.042935215209695,110.56440282281454,99.85593868912107,112.65869699913151,119.87436533339468,680899.0,118.9872727272727,86.99433566433565,102.9795804195804
680916,2026,0.097294524,0.12177985948477751,427,52,283.0,0.072726086,116.0,0.15893899,28.0,0.09022703,"Aleman, Franco",CLE,33.84719663844189,75.77079495766284,74.82108734502513,103.62624080587908,85.21951367447123,680916.0,100.46352941176471,95.92127058823527,94.97054117647059
681006,2026,0.12647016,0.08441558441558442,154,13,66.0,0.103876255,81.0,0.15107854,6.0,0.05983082,"Simpson, Josh",SEA,52.03492637147157,103.05238955720736,102.16841537858613,99.97589779468024,74.82894222668637,681006.0,108.80483660130719,97.51228758169937,97.48732026143789
681035,2026,0.12355526,0.13333333333333333,1965,262,1331.0,0.11481255,549.0,0.14517476,84.0,0.121858686,"Scott, Christian",NYM,50.20367762890447,100.30551644335671,110.74419580803189,96.0752198762043,98.9407661752748,681035.0,107.17791104447781,99.06554722638677,104.03878060969517
681151,2026,0.11880622,0.13442622950819672,305,41,205.0,0.11172548,75.0,0.14530416,24.0,0.10033983,"Murray, Jayden",HOU,47.19051629745414,95.78577444618121,107.94324910714693,96.17489997188656,90.34981891910624,681151.0,94.80373492636843,100.48183606557377,93.04629563767715
681168,2026,0.13945968,0.12017167381974249,233,28,111.0,0.09781171,67.0,0.17882212,47.0,0.18384261,"Curvelo, Luis",TEX,58.84826897695819,113.27240346543728,96.26422007340919,114.32008012134612,126.13231164614676,681168.0,100.32155440414509,109.89129533678756,109.25378238341969
681190,2026,0.11050772,0.09678819444444445,2304,223,1669.0,0.10373585,433.0,0.14095886,198.0,0.10065144,"Vásquez, Randy",SD,41.69489121794601,87.54233682691901,101.82927266458657,93.56552545712957,90.55445430068093,681190.0,96.928596885295,102.63418504077055,96.66241474444895
681217,2026,0.14100884,0.1520979020979021,1144,174,617.0,0.1103355,235.0,0.17485991,273.0,0.18322748,"Silseth, Chase",LAA,59.37016637192153,114.05524955788229,107.12602672613505,112.31783920497723,125.8819134934241,681217.0,97.39251598159919,102.95003733724897,100.97445574288203
681252,2026,0.11865477,0.16243654822335024,197,32,66.0,0.0661955,85.0,0.139136,44.0,0.15887831,"Anderson, Jack",BOS,47.125267743944725,95.68790161591708,68.71966650952257,92.60037777530877,114.51132349152552,681252.0,90.83803970223326,100.52117511520737,90.40270294221907
681293,2026,0.104510866,0.10699588477366255,1944,208,881.0,0.07689733,906.0,0.13376778,155.0,0.09130755,"Arrighetti, Spencer",HOU,37.498643531817805,81.24796529772671,79.28628177903124,90.21305569502994,85.75324604554837,681293.0,100.13359109657551,89.4494774631975,92.2414743735728
681320,2026,0.09173214,0.1292517006802721,294,38,216.0,0.08903755,53.0,0.1002266,25.0,0.09700504,"Lavender, Nate",NYM,31.96119228700327,72.94178843050491,89.62494345177285,72.61979859207264,88.56662998448827,681320.0,97.87160409556316,105.54006825938568,102.50750853242322
681343,2026,0.12195801,0.1040268456375839,298,31,132.0,0.082681805,110.0,0.15854827,56.0,0.14266388,"Smith, Shane",CWS,49.38862871281072,99.08294306921609,84.37523244686406,103.52705186293224,107.99412255126853,681343.0,97.6061607142857,91.61526785714285,91.10312499999998
681347,2026,0.11956745,0.10443230115361263,1647,172,695.0,0.091944166,508.0,0.136389,441.0,0.14421056,"Burrows, Mike",HOU,47.45034829135968,96.17552243703952,91.83488627596584,91.37706964336779,108.70963618354584,681347.0,93.74509151301461,97.9417817889142,92.69675097134774
681402,2026,0.1487031,0.10361842105263158,608,63,346.0,0.12128285,240.0,0.19231044,17.0,0.09822044,"Varland, Gus",WSH,63.843542835072604,120.7653142526089,115.62476755313594,120.68237493882955,89.44117316757229,681402.0,102.08494773519162,103.95229965156796,102.61348432055748
681517,2026,0.110734105,0.1052405498281787,2328,245,912.0,0.07719173,1076.0,0.13619217,339.0,0.12048529,"Leahy, Kyle",STL,41.914082295460375,87.87112344319056,79.7736540392414,91.20591025896033,98.21329276185622,681517.0,92.68068965517242,105.66496551724134,101.17119827586211
681520,2026,0.1337011,0.10714285714285714,56,6,25.0,0.10101833,26.0,0.17096636,5.0,0.1033356,"Kelly, Antoine",LAD,55.958880752666445,108.93832112899966,99.03894891472976,109.90653339233096,91.94160125436554,681520.0,116.70444444444443,65.25,86.52444444444444
681544,2026,0.1322498,0.16319444444444445,288,47,190.0,0.114801206,93.0,0.1729574,5.0,0.03813479,"Olds, Wyatt",BOS,55.29800872828565,107.94701309242848,110.68222505767982,111.20339367235184,70.05889789943345,681544.0,110.3507638888889,85.55756944444445,98.4525
681676,2026,0.1446483,0.16279069767441862,387,63,174.0,0.1004852,167.0,0.2036694,46.0,0.09742771,"Fernandez, Ryan",STL,61.844120310901175,117.76618046635176,98.55718729552224,124.95689178827612,89.00857250573256,681676.0,96.84372093023255,96.11565891472867,94.05932816537464
681751,2026,0.10077951,0.09022556390977443,266,24,179.0,0.10010885,62.0,0.10336222,20.0,0.096842185,"Estrada, Lazaro",TOR,35.560391917235776,78.34058787585366,98.26744618589657,74.23828723699883,88.49200883276431,681751.0,94.53351111111111,84.15039999999996,76.29751111111109
681799,2026,0.1323488,0.09839816933638444,437,43,267.0,0.11749012,169.0,0.15646295,0.0,0.0,"Roberts, Ethan",CHC,55.37025500034072,108.05538250051109,112.7686008579517,102.49396910315977,,681799.0,96.19963470319632,94.81447488584482,95.2726484018265
681806,2026,0.11204882,0.07407407407407407,81,6,65.0,0.106377386,13.0,0.15120944,3.0,0.06523379,"Wantz, Andrew",TB,42.71405918621056,89.07108877931584,104.23324220593763,100.02410220531976,75.90141038573961,681806.0,102.86913580246913,78.98864197530865,77.41506172839506
681810,2026,0.13369769,0.10944206008583691,932,102,424.0,0.1016043,487.0,0.1629684,20.0,0.10680958,"Warren, Austin",NYM,55.9215022057384,108.8822533086076,99.8079159553703,105.75385610338967,93.38595852400738,681810.0,98.6828348152163,99.80751793151603,99.78686280254085
681867,2026,0.12374198,0.09852941176470588,680,67,369.0,0.11112016,120.0,0.1309387,179.0,0.14420511,"Criswell, Cooper",SEA,50.32905433296056,100.49358149944084,107.45024705118003,88.21470526241572,108.64378926576164,681867.0,101.33654088050315,108.42110062893083,106.4596226415094
681870,2026,0.13637371,0.13986013986013987,858,120,546.0,0.12652747,299.0,0.1541917,0.0,0.0,"Sabrowski, Erik",CLE,57.40906721118531,111.11360081677796,119.53300020904761,101.08554559684754,,681870.0,110.22669117647052,90.76999999999995,98.83992647058821
681892,2026,0.12413516,0.10076670317634173,913,92,636.0,0.12450962,218.0,0.13295949,53.0,0.08710877,"Funderburk, Kody",MIN,50.73698867429837,101.10548301144755,118.1588084896099,89.73084259821698,83.99347488729659,681892.0,102.74337155963308,89.48630733944955,92.51731651376144
681895,2026,0.105809376,0.11151079136690648,834,93,400.0,0.08609346,359.0,0.1346888,74.0,0.07336367,"Sisk, Evan",PIT,38.28131859632229,82.42197789448343,87.16227663757545,90.62683341936324,78.54349506327205,681895.0,104.87446450060162,78.58462093862816,83.99237063778581
681911,2026,0.12913327,0.16,1050,168,575.0,0.12517111,316.0,0.14830466,145.0,0.10328301,"Vesia, Alex",LAD,53.43463227930046,105.1519484189507,118.66886020925358,98.28501512721863,91.87717675026241,681911.0,115.41356435643566,92.14736633663367,106.90386138613859
681916,2026,0.119473636,0.11871508379888268,716,85,460.0,0.10335213,201.0,0.15007289,42.0,0.14913179,"Smith, Dylan",SF,47.3855583207933,96.07833748118995,101.3463571687154,99.30078320680731,110.84622701193382,681916.0,103.36590584878746,89.60499286733238,92.87049928673324
681982,2026,0.13157336,0.12114771519659936,941,114,556.0,0.09973178,345.0,0.18530484,31.0,0.10940355,"Anderson, Grant",MIL,54.799682071354255,107.19952310703138,97.68590786708423,117.34899724166326,94.35495087236987,681982.0,103.42421514818882,101.15354555433582,105.45106476399559
682052,2026,0.11116008,0.11130284728213978,2318,258,1324.0,0.07915544,776.0,0.16555308,199.0,0.10951118,"Lopez, Jacob",ATH,42.04374946289789,88.06562419434684,81.43487231615421,106.8064328525482,94.4743540077586,682052.0,97.98332096876292,102.527855151769,99.68120694618482
682077,2026,0.09566998,0.08,75,6,43.0,0.09302008,27.0,0.106144145,5.0,0.06189859,"Mosser, Gabe",SEA,33.24060277226556,74.86090415839834,92.92768373618945,75.7818936700553,75.48738299637894,,,,
682120,2026,0.13847248,0.14285714285714285,1015,145,440.0,0.10378923,560.0,0.16646361,4.0,0.079029545,"Herrin, Tim",CLE,58.26095359263489,112.39143038895233,102.02294286456561,107.39962222469123,81.02728439391197,682120.0,100.54277268093783,91.4990417940878,91.31017329255857
682227,2026,0.10838352,0.0973630831643002,986,96,579.0,0.103826635,195.0,0.12896687,208.0,0.1015364,"Williamson, Brandon",CIN,40.18304737406236,85.27457106109354,102.11990255203585,87.6145017630622,91.02527184986732,682227.0,98.11504872497065,93.6046791680004,93.77222220246351
682243,2026,0.13637944,0.1349206349206349,1890,255,1013.0,0.11803236,430.0,0.14728256,441.0,0.16858992,"Miller, Bryce",SEA,57.450359290223105,111.17553893533466,113.40087371630412,97.60372925929629,118.60651393450466,682243.0,106.38699433939533,107.93667218724933,112.97424524194896
682254,2026,0.15431589,0.15986677768526228,1201,192,839.0,0.14565733,328.0,0.1835727,26.0,0.07264535,"Montgomery, Mason",PIT,66.03836938849992,124.05755408274987,130.86981529432063,116.0074716234851,78.38738617725976,682254.0,110.51469758490568,106.92335820610373,116.9994349314134
682274,2026,0.15424249,0.1761904761904762,210,37,90.0,0.12595624,54.0,0.16341263,66.0,0.18531178,"Hiraldo, Yaramil",BAL,65.92599793054433,123.88899689581649,118.98554589453549,105.9619536443306,127.21468736008418,682274.0,103.68217616580311,95.07792746113988,97.01564766839377
682445,2026,0.11739414,0.09302325581395349,129,12,81.0,0.08546224,46.0,0.17587595,2.0,0.06555417,"Gonzalez, Domingo",SEA,46.16366355630889,94.24549533446333,86.67054512876643,113.00622031891785,76.10171772965424,682445.0,95.32796874999997,84.4321875,85.5034375
682608,2026,0.12318686,0.12512716174974567,983,123,407.0,0.08546054,178.0,0.14543092,388.0,0.15229544,"Gray, Peyton",TEX,49.984333566875016,99.97650035031252,86.59912628369588,96.32410546970125,112.03857832088963,682608.0,91.81043756670216,106.38168623265739,99.27141942369266
682610,2026,0.12800552,0.1610738255033557,149,24,81.0,0.092742026,60.0,0.18377937,7.0,0.07185882,"Muñoz, Roddery",HOU,52.77690439821577,104.16535659732365,92.71228871937207,116.17889407258576,78.06794677084056,682610.0,86.55303571428571,79.15374999999999,69.20285714285714
682825,2026,0.14051893,0.12716763005780346,692,88,439.0,0.13168992,252.0,0.1563566,0.0,0.0,"Mey, Luis",CIN,59.27340062213294,113.9101009331994,123.0801959523292,102.34745991240483,,682825.0,104.55878971255672,94.2768835098336,97.8084417549168
682842,2026,0.15413564,0.11312700106723586,937,106,574.0,0.13871214,354.0,0.18086335,0.0,0.0,"Uribe, Abner",MIL,65.70710108995989,123.56065163493983,127.4061365249406,115.17998719668446,,682842.0,108.80264192139737,99.59884279475975,107.16759825327514
682982,2026,0.15186147,0.1794871794871795,273,49,169.0,0.13637522,104.0,0.17702666,0.0,0.0,"Espino, Daniel",CLE,65.1904964592326,122.78574468884891,126.22036879874317,113.72314915694962,,682982.0,110.11150183150183,103.8475457875458,111.9712087912088
682989,2026,0.11464333,0.14625850340136054,588,86,486.0,0.11573201,25.0,0.10919731,75.0,0.11162819,"Mederos, Victor",ATL,44.301065976518636,91.45159896477796,111.69710539433407,77.9912297267803,94.94856950673338,682989.0,100.79757575757574,87.98468013468013,87.91989898989898
682995,2026,0.11374785,0.07268170426065163,399,29,226.0,0.08892036,119.0,0.159078,54.0,0.11776123,"Barco, Hunter",PIT,43.77708181564458,90.66562272346687,89.56386091298194,103.77532352793594,97.36853035972624,682995.0,102.9369142857143,88.78371428571427,92.19365714285715
682997,2026,0.034752958,0.0,53,0,0.0,0.0,19.0,0.03137106,10.0,0.035536714,"Callihan, Tyler",PIT,23.78329568416219,60.67494352624328,,55.0,68.71966650952257,682997.0,41.063396226415094,74.75811320754717,30.288301886792446
683000,2026,0.14602825,0.16110304789550073,689,111,350.0,0.10887886,335.0,0.18495445,0.0,0.0,"Cornelio, Riley",WSH,62.43319829155055,118.64979743732583,106.120085781982,117.16215349323726,,683000.0,102.5269640313522,83.48442110785548,85.64798819865234
683003,2026,0.14248125,0.16156670746634028,1634,264,762.0,0.102245964,691.0,0.18394542,181.0,0.15357263,"Jones, Jared",PIT,60.88782070532983,116.33173105799474,100.38419959432525,116.3524560025414,112.58467464361996,683003.0,100.89393010423058,104.94045370938072,107.94573881054572
683004,2026,0.11746887,0.12250516173434274,1453,178,806.0,0.115584314,391.0,0.13350151,256.0,0.09891493,"Leiter, Jack",TEX,46.19736733279967,94.29605099919951,111.6321322132564,89.97324449211335,89.79506808551787,683004.0,102.33263610315181,93.81045845272207,97.76871060171922
683155,2026,0.10386366,0.128,125,16,77.0,0.093431234,40.0,0.13054709,8.0,0.07085852,"Estes, Joey",ATH,36.93109785613414,80.39664678420121,93.40712084273136,88.0167735503007,77.56927226183602,683155.0,93.89264,97.33376000000001,88.25216
683175,2026,0.15672563,0.09967845659163987,622,62,310.0,0.08724954,311.0,0.22628261,0.0,0.0,"Phillips, Connor",CIN,67.02028637667938,125.53042956501906,87.97467012036253,133.77129388792622,,683175.0,114.7737627118644,80.32789830508476,93.92477966101696
683232,2026,0.14187688,0.08695652173913043,368,32,175.0,0.09978884,151.0,0.18424967,39.0,0.16854277,"Mears, Nick",KC,60.17848414143292,115.26772621214937,97.73449036171792,116.44006345890229,118.48688079569769,683232.0,99.74884955752215,91.62159292035399,91.26436578171092
683352,2026,0.08538728,0.06986301369863014,730,51,395.0,0.070164405,260.0,0.103750825,71.0,0.10074366,"Bratt, Mitch",AZ,30.506194874610816,70.75929231191623,72.33495088796136,74.4464570888311,90.62227542980133,683352.0,89.53214384508992,95.36882434301523,86.01773167358233
683363,2026,0.08736802,0.081145584725537,419,34,263.0,0.076651216,60.0,0.1042764,96.0,0.10615986,"Wilkinson, Matt",SF,31.09940478549904,71.64910717824856,79.03417570726056,74.64981859827051,93.13949766841077,683363.0,85.7427761605432,106.97152200073953,95.46721436014657
683409,2026,0.12728153,0.1701388888888889,288,49,59.0,0.07034876,110.0,0.15635087,119.0,0.12863791,"Chivilli, Angel",NYY,52.54965170864032,103.82447756296048,72.59386347505938,102.29867392848065,102.51841007182159,683409.0,94.48753521126761,92.92338028169016,92.02042253521127
683618,2026,0.14426975,0.147119341563786,972,143,715.0,0.1341398,253.0,0.17461278,0.0,0.0,"Henriquez, Edgardo",LAD,61.47318526134664,117.20977789201996,124.60802355023887,112.1832670224987,,683618.0,127.44321863883663,81.94223802486577,108.62866599532668
683627,2026,0.14161523,0.12152777777777778,576,70,276.0,0.107246324,175.0,0.17863207,125.0,0.16567822,"Molina, Anthony",SF,59.867810226007336,114.801715339011,104.98845642817008,114.16874542705828,117.90560533507576,683627.0,101.7211831792976,105.56900055452867,105.4916327171904
683734,2026,0.027000144,0.05952380952380952,84,5,0.0,0.0,1.0,0.07315274,50.0,0.025201185,"Vaughn, Andrew",MIL,20.0,55.0,,63.18039625567092,67.07176859222594,683734.0,46.234698795180734,75.43686746987952,25.330602409638555
683742,2026,0.12535933,0.09195402298850575,348,32,160.0,0.09033616,141.0,0.17100938,47.0,0.10763698,"Franco, Jose",CIN,51.49384806328247,102.2407720949237,90.40409124577707,110.08710848039256,93.81305305837893,683742.0,93.81856321839079,90.00494252873563,85.85206896551725
683769,2026,0.15677404,0.15142276422764228,984,149,290.0,0.10662026,490.0,0.20445704,203.0,0.11388818,"Gaddis, Hunter",CLE,67.15519627502653,125.73279441253979,104.38336824468269,125.35018140172949,95.99812614578008,683769.0,97.51957873620859,99.09699097291875,99.1730391173521
684007,2026,0.13215998,0.15594744121715076,2892,451,1332.0,0.09421773,565.0,0.1347477,994.0,0.18162252,"Imanaga, Shota",CHC,55.22603793654222,107.83905690481333,93.9320649554571,90.74374376701294,124.94620947786697,684007.0,92.22601782531194,110.21216399286993,103.12056327985735
684049,2026,0.16007377,0.18461538461538463,325,60,178.0,0.13574463,136.0,0.1981411,11.0,0.083112806,"Bidois, Brandan",PIT,68.36728403432703,127.55092605149053,125.58077811232326,123.05097859796138,82.75824627147257,684049.0,110.34635802469136,86.80049382716051,95.62345679012347
684320,2026,0.1328558,0.06395348837209303,172,11,62.0,0.09529278,68.0,0.14516638,42.0,0.16837458,"Rodríguez, Yariel",TOR,55.62537296412864,108.43805944619295,94.55239375926891,96.02531503331717,118.36841217502027,684320.0,98.58406976744186,90.65174418604654,94.37232558139534
684442,2026,0.10701634,0.0968586387434555,382,37,209.0,0.08883532,100.0,0.11391371,73.0,0.1496204,"Drake, Kohl",AZ,39.05532514291609,83.58298771437413,89.44117316757229,80.93995342708145,111.21118221803586,684442.0,93.5911811023622,95.67685039370078,88.7875065616798
684516,2026,0.12106345,0.11864406779661017,59,7,22.0,0.05731778,19.0,0.14810054,18.0,0.17043568,"Rincon, Hancel",STL,48.632773176847856,97.94915976527179,59.090655475987425,98.18793757745976,119.60948820807162,684516.0,90.77655172413795,72.49827586206898,68.15379310344827
684665,2026,0.11613484,0.09973753280839895,381,38,290.0,0.113541745,62.0,0.1432346,29.0,0.08412836,"Murphy, Luke",LAA,45.2705160957063,92.90577414355946,109.41979778259717,95.11886995586701,82.9721706892181,684665.0,93.82549738219898,95.68141361256545,88.1455497382199
684974,2026,0.10742493,0.12913385826771653,635,82,290.0,0.07979586,5.0,0.11942466,340.0,0.13081442,"Yoho, Craig",CLE,39.55491092035797,84.33236638053695,81.94071172390974,83.38301798209454,103.54192027018009,684974.0,97.77041145006196,102.68901063819513,102.89562750149447
685005,2026,0.11480925,0.10714285714285714,196,21,115.0,0.09035216,64.0,0.15737547,16.0,0.12600099,"Roa, Christian",HOU,44.484402216916905,91.72660332537535,90.52164391187927,102.78771730436382,100.89177065257093,685005.0,97.39604519774011,88.80983050847458,85.4735593220339
685112,2026,0.11026379,0.1322314049586777,242,32,188.0,0.108772315,50.0,0.11730847,0.0,0.0,"McCambley, Zach",CIN,41.51662430043197,87.27493645064796,106.0679350445429,82.55656348723464,,685112.0,97.37782426778244,86.2965690376569,80.77899581589956
685126,2026,0.11859793,0.14030612244897958,784,110,363.0,0.06465262,274.0,0.185979,147.0,0.12621523,"Eisert, Brandon",CWS,47.02716398317735,95.54074597476603,66.78806874008885,117.53857233422522,101.0592338247252,685126.0,82.85296114832617,104.1154746993227,91.87431604776418
685299,2026,0.1127539,0.11352941176470588,1700,193,803.0,0.07875768,511.0,0.13777661,378.0,0.15071438,"Gordon, Tanner",COL,43.235421521499916,89.85313228224987,81.22650667488938,92.0509068054952,111.35903075085062,685299.0,85.58925161336249,108.9111094325238,92.68197011907877
685464,2026,0.1004133,0.10545454545454545,275,29,197.0,0.094593726,76.0,0.11601275,2.0,0.08086234,"Winquest, Cade",STL,35.19538020276793,77.7930703041519,94.24346012132267,81.97478632465415,81.63158782497973,685464.0,86.77273469387757,103.09657142857142,93.70669387755099
685801,2026,0.12422608,0.12359550561797752,356,44,179.0,0.10059413,154.0,0.15611419,19.0,0.08576633,"Bigge, Hunter",TB,50.83127700818736,101.24691551228103,98.6054222715839,102.10376764732618,83.5940726117881,685801.0,99.28459119496857,77.84855345911947,80.95383647798741
686218,2026,0.1293532,0.15980392156862744,2040,326,872.0,0.11253851,847.0,0.14714302,315.0,0.12872446,"Sheehan, Emmet",LAD,53.6012989178957,105.40194837684355,108.44498633081865,97.55489304392015,102.5749215705132,686218.0,100.39922077736054,105.9247079939708,107.49382216411927
686228,2026,0.13365968,0.05660377358490566,53,3,41.0,0.12638,12.0,0.15853192,0.0,0.0,"Burgos, Juan",AZ,55.846991882202026,108.77048782330304,119.42143198434584,103.47751543679516,,686228.0,111.24119999999999,98.0808,105.7968
686475,2026,0.03454058,0.009433962264150943,106,1,0.0,0.0,0.0,0.0,0.0,0.0,"Tolbert, Tyler",KC,22.656312134668187,58.98446820200228,,,,686475.0,44.534172185430464,105.36900662251655,50.172317880794694
686560,2026,0.1156901,0.10059171597633136,507,51,391.0,0.10839435,112.0,0.1408729,0.0,0.0,"Collyer, Gavin",TEX,44.988278887859295,92.48241833178895,105.91191897572695,93.51263548241364,,686560.0,114.64538622129437,85.9753235908142,98.35653444676407
686563,2026,0.115225196,0.15,80,12,55.0,0.087501675,18.0,0.18730673,7.0,0.14770031,"Cannon, Jonathan",CWS,44.70199127171435,92.05298690757152,88.10664280958667,118.22527990629743,110.3457979899628,686563.0,103.2435,76.73825000000001,76.58175
686580,2026,0.13112065,0.12404580152671756,524,65,416.0,0.120390326,108.0,0.17245227,0.0,0.0,"Slaten, Justin",BOS,54.450965249855166,106.67644787478275,115.13736248047323,110.76222552517157,,686580.0,107.61640316205532,101.32747035573122,109.37873517786558
686610,2026,0.11619111,0.1125,160,18,83.0,0.10248004,75.0,0.13287126,2.0,0.059695005,"Waldichuk, Ken",WSH,45.305527759654595,92.9582916394819,100.52832590344876,89.66982326371584,74.59829147408725,686610.0,99.41100671140939,80.7296644295302,80.45369127516776
686613,2026,0.12389085,0.11354378818737271,1964,223,1239.0,0.11331657,551.0,0.14822777,174.0,0.1221201,"Brown, Hunter",HOU,50.485850302574796,100.7287754538622,109.1291231009946,98.23648558539048,99.1640246838553,686613.0,103.58189417989423,95.25740740740743,101.0602433862434
686678,2026,0.108895235,0.034482758620689655,58,2,37.0,0.08912569,15.0,0.17112944,6.0,0.07522192,"Solesky, Chase",TB,40.822504499690055,86.23375674953508,89.74659580132837,110.26915740178302,79.14582845350915,686678.0,109.43103448275862,94.78,99.20137931034482
686701,2026,0.120736115,0.1,60,6,37.0,0.10176426,18.0,0.17033339,5.0,0.08257768,"Bergert, Ryan",KC,48.18850204584464,97.28275306876697,100.0,109.6679740915992,82.64995720913369,,,,
686730,2026,0.11454134,0.10588235294117647,85,9,38.0,0.091794565,37.0,0.14257486,10.0,0.09725492,"Spiers, Carson",CIN,44.190141644777555,91.28521246716633,91.61122074439615,94.8128833319638,88.78881778196414,686730.0,97.83623529411764,105.08823529411762,94.46517647058823
686751,2026,0.14882918,0.12727272727272726,605,77,335.0,0.12148727,263.0,0.18490821,7.0,0.10179412,"Johnson, Seth",PHI,63.925695378691174,120.88854306803677,116.04391178715284,117.06972258096687,91.22434863160325,686751.0,108.76688603203756,93.26570839710233,102.67914376084076
686753,2026,0.13559985,0.12745098039215685,306,39,116.0,0.10066305,126.0,0.18360008,64.0,0.104422376,"Jameson, Drey",AZ,56.84356622691522,110.26534934037284,98.75004272719183,116.09292012475004,92.45181116618816,686753.0,96.29411764705884,90.35803921568628,88.10248366013076
686790,2026,0.12243763,0.0944206008583691,1165,110,688.0,0.11411363,304.0,0.15165941,172.0,0.10455939,"McDonald, Trevor",SF,49.576880260453514,99.36532039068027,110.1928304956628,100.16871892217515,92.57798802413191,686790.0,99.12469964664311,100.44867491166077,99.3714487632509
686799,2026,0.118398115,0.111495246326707,1157,129,691.0,0.113307275,189.0,0.12404031,272.0,0.1275481,"Kochanowicz, Jack",LAA,46.863014471614306,95.29452170742147,109.07140074660312,85.45014414236897,102.12378275553587,686799.0,94.6972644927536,92.63949275362319,90.62175724637683
686930,2026,0.12101685,0.09617486338797815,915,88,447.0,0.0749355,393.0,0.16598947,69.0,0.16556826,"Barnett, Mason",ATH,48.60113920386788,97.90170880580182,76.76166139537314,107.07468999813983,117.7925353924629,686930.0,94.63631450124953,98.95627643225822,94.40817343578485
686934,2026,0.1366459,0.13099041533546327,313,41,216.0,0.110690705,96.0,0.19615418,0.0,0.0,"McFarlane, Alex",PHI,57.57500610955354,111.3625091643303,107.23372322256886,122.00877027321971,,686934.0,121.11200000000001,98.62554838709683,119.52812903225806
686973,2026,0.16378832,0.1501597444089457,1252,188,544.0,0.109537005,480.0,0.21902424,224.0,0.17785837,"Varland, Louis",TOR,69.49380512538917,129.24070768808377,106.69882306759268,129.73581117227218,123.13683130984165,686973.0,115.15497161394973,106.28733171127331,120.57313868613147
686993,2026,0.13657539,0.1553133514986376,734,114,514.0,0.12357744,216.0,0.16746585,0.0,0.0,"Sterner, Justin",ATH,57.53332722402108,111.29999083603161,117.47816519775665,107.9490931945048,,686993.0,99.824364640884,97.22839779005523,96.7712154696132
687064,2026,0.13577019,0.11897233201581027,2530,301,1363.0,0.119562574,689.0,0.15033725,478.0,0.1609883,"Young, Brandon",BAL,56.96285583076526,110.44428374614789,114.58818810366628,99.49375781855605,115.42785054330736,687064.0,96.95099206349204,104.5165158730159,100.59596825396824
687075,2026,0.10865639,0.1148982957669049,1819,209,1277.0,0.097398736,365.0,0.14888385,147.0,0.100976214,"Sproat, Brandon",MIL,40.532182436989544,85.79827365548431,96.01603669533824,98.62424852370744,90.75734661740357,687075.0,99.94908632354658,93.30417065031129,92.58102130959998
687134,2026,0.14041048,0.105,200,21,82.0,0.104485095,90.0,0.16676655,28.0,0.16090462,"Blalock, Bradley",MIA,59.225341994982145,113.83801299247321,102.50867034407665,107.7280646748076,115.33362081216843,687134.0,104.24240000000002,91.0016,92.7237
687209,2026,0.13789754,0.07643312101910828,314,24,245.0,0.12627271,67.0,0.18325934,0.0,0.0,"Maxwell, Zach",CIN,57.999323387722775,111.99898508158417,119.09300952243998,115.83811469819645,,687209.0,110.29239875389408,87.03140186915887,95.82380062305295
687223,2026,0.13699968,0.10862619808306709,313,34,182.0,0.10715144,131.0,0.17846826,0.0,0.0,"Palmquist, Carson",WSH,57.743057570347965,111.61458635552195,104.83646036170109,114.09361644651047,,687223.0,107.26142096455196,93.23700510352266,96.31124683623085
687239,2026,0.14316534,0.12411347517730496,282,35,163.0,0.10503151,107.0,0.20161952,12.0,0.13993311,"Peoples, Ben",TEX,61.0594575260395,116.58918628905926,103.34077389209656,124.39730096291206,106.73704455159137,687239.0,101.43255319148938,100.26553191489361,99.79262411347518
687273,2026,0.11085752,0.11995386389850057,867,104,418.0,0.07594028,311.0,0.13146588,138.0,0.1701778,"Mathews, Quinn",STL,41.95745483861194,87.9361822579179,78.10145477601182,88.79660632764816,119.35058847483423,687273.0,97.13243619489556,101.66243619489556,98.8190023201856
687287,2026,0.11067367,0.06153846153846154,65,4,29.0,0.0972534,24.0,0.12228038,12.0,0.11989262,"Monteverde, Patrick",MIA,41.870557105624584,87.80583565843688,95.86660583354437,84.65824861962932,98.10104287311682,687287.0,87.34861538461539,98.31507692307693,88.52123076923078
687309,2026,0.07081194,0.10980392156862745,255,28,156.0,0.0619361,58.0,0.09087444,40.0,0.07712363,"Hjerpe, Cooper",STL,29.835218425714576,69.75282763857186,64.8631002262142,68.74318524570396,80.25884269219901,687309.0,91.9528346456693,81.82669291338583,69.11086614173229
687312,2026,0.09095181,0.09868995633187773,1145,113,687.0,0.07299064,328.0,0.12785462,127.0,0.093226194,"Hughes, Gabriel",COL,31.632715965672983,72.44907394850947,75.20565265223638,87.13361737415883,86.93361400595252,687312.0,84.54061355129873,107.02085571716061,92.72234554474426
687330,2026,0.1258576,0.11611611611611612,999,116,641.0,0.12698035,69.0,0.10876893,277.0,0.12744577,"Kelly, Kevin",TB,51.74783186748425,102.62174780122638,120.34618215957036,77.4090713816195,102.06753357824616,687330.0,115.04010162601621,96.98394308943087,109.67406504065036
687377,2026,0.15690327,0.13394018205461639,769,103,345.0,0.1275394,300.0,0.21388303,124.0,0.10074691,"Ribalta, Orlando",WSH,67.29330281407117,125.93995422110675,120.83903544035739,128.47042978933,90.68990538810652,687377.0,102.04745308310989,106.48463806970508,106.87638069705093
687396,2026,0.13889034,0.1669254658385093,1288,215,736.0,0.0999211,387.0,0.20215055,162.0,0.16519564,"Headrick, Brent",NYY,58.52836463351083,112.79254695026626,98.12233962671237,124.58004668206995,117.68046750736787,687396.0,103.29860501567396,96.97122257053293,97.72852664576801
687473,2026,0.11656379,0.1022964509394572,1437,147,758.0,0.114966705,488.0,0.12870002,190.0,0.09218746,"Gusto, Ryan",MIA,45.58360367677013,93.3754055151552,111.11995990645354,87.27234570085545,86.43803453836226,687473.0,96.32966537521143,101.8962010828479,97.37980027782115
687531,2026,0.108273454,0.15577889447236182,199,31,150.0,0.09411419,44.0,0.16384682,5.0,0.044005908,"Kempner, William",MIA,40.08107565389501,85.12161348084251,93.7230141226979,106.11878111417552,71.19488192039111,687531.0,115.96050251256285,83.51366834170855,96.46753768844219
687562,2026,0.11979663,0.12661339889366932,1627,206,1017.0,0.11143968,163.0,0.12604679,438.0,0.13693343,"Bennett, Jake",BOS,47.51503140953683,96.27254711430524,107.66833456495667,86.05559093649715,105.5256459922414,687562.0,92.49550007404761,113.58465050141656,104.64722872998152
687570,2026,0.14125918,0.11164813919768003,2069,231,862.0,0.10364066,998.0,0.17707378,207.0,0.12634026,"Prielipp, Connor",MIN,59.467817563010456,114.20172634451569,101.73255381410343,113.79656882454431,101.17094804147831,687570.0,102.96631529028444,102.99253354663992,102.97977403216834
687606,2026,0.107572205,0.08169934640522876,612,50,479.0,0.10678821,44.0,0.11237648,87.0,0.10968136,"Schultz, Paxton",WSH,39.66243473725754,84.49365210588631,104.58422439699018,80.49950869845799,94.53392406039524,687606.0,91.41611373657432,103.53932413793103,95.24521582815152
687762,2026,0.11681484,0.11475409836065574,61,7,37.0,0.11984763,14.0,0.08312758,10.0,0.15275565,"Wehunt, Blake",BOS,45.789930406156735,93.6848956092351,114.74307823239573,65.5911418829485,112.42696972871701,,,,
687765,2026,0.1362284,0.09,200,18,110.0,0.12164514,73.0,0.1702733,17.0,0.08439789,"Spence, Mitch",KC,57.28594081378944,110.92891122068416,116.12925438190956,109.60871674212977,83.18268668545434,687765.0,89.499568,84.167328,78.669364
687792,2026,0.11028867,0.1171875,128,15,62.0,0.08103869,28.0,0.11473829,38.0,0.15473366,"Herz, DJ",WSH,41.56144218226129,87.34216327339193,82.61616583153798,81.46839487658123,112.98517276684564,687792.0,90.91421875,101.54421874999998,95.235
687849,2026,0.10849863,0.09876543209876543,324,32,142.0,0.05838824,182.0,0.14759576,0.0,0.0,"Kent, Zak",WSH,40.33411928358727,85.50117892538091,60.78488408480878,97.89623235267382,,687849.0,91.92816326530611,85.29142857142857,79.39000000000001
687911,2026,0.117087685,0.08998144712430427,1078,97,774.0,0.09851101,286.0,0.16813275,9.0,0.081288904,"King, Bryan",HOU,45.89242009556496,93.83863014334744,96.60998245991331,108.62293035663221,81.9802980410451,687911.0,100.8033181258327,104.79313554605156,102.83270336216832
687924,2026,0.12882943,0.05555555555555555,54,3,27.0,0.08614299,14.0,0.10575072,13.0,0.24233988,"Aguiar, Julian",CIN,53.3682344259599,105.05235163893985,87.3002515603747,75.41995331793005,145.0,687924.0,87.48925925925926,105.51407407407406,95.93777777777777
687931,2026,0.12670365,0.12479740680713128,617,77,272.0,0.08125816,129.0,0.1464759,216.0,0.17212287,"Whisenhunt, Carson",SF,52.291530015102346,103.43729502265352,83.07784532081854,97.06501377201336,120.85417154649085,687931.0,93.83670926517573,90.86693290734826,87.66230031948882
687941,2026,0.15011072,0.08847736625514403,486,43,305.0,0.12363102,174.0,0.19764611,7.0,0.122275956,"Gamboa, Alec",BOS,64.43960808276422,121.65941212414634,117.57319256954143,122.7419087256264,99.27558143989364,687941.0,110.60945035983795,96.09943310509017,105.6237701623912
688107,2026,0.12120505,0.11445147679324895,1896,217,1211.0,0.10312082,487.0,0.16806298,198.0,0.11655947,"Gasser, Robert",MIL,48.85384634415013,98.28076951622519,101.105452917521,108.50944604370667,96.80084882568089,688107.0,106.17265036742211,93.82792746662435,95.9261894746402
688158,2026,0.13113043,0.14580031695721077,631,92,372.0,0.11390947,249.0,0.15784785,0.0,0.0,"Morgan, David",SD,54.485587448127305,106.72838117219095,109.95217466891279,102.98413810258742,,688158.0,103.56074074074073,96.48417508417508,98.4811111111111
688297,2026,0.11421612,0.08333333333333333,720,60,669.0,0.11311072,43.0,0.145513,6.0,0.022071904,"Roycroft, Chris",TB,44.00365725938075,91.00548588907112,108.84183696774667,96.37375919412092,64.89288415812345,688297.0,98.26106970317787,104.81917918909906,101.89319167182812
688497,2026,0.10341462,0.15384615384615385,104,16,42.0,0.06676744,43.0,0.13210402,19.0,0.11949552,"Rashi, Taylor",AZ,36.7070298896829,80.06054483452435,69.13018470567937,89.17532635574997,97.98868654012018,688497.0,85.26295454545455,94.48931818181818,81.44
688642,2026,0.11863919,0.10423452768729642,1535,160,918.0,0.0975477,444.0,0.14987038,164.0,0.15246724,"Agnos, Zach",COL,47.09259768809031,95.63889653213546,96.06575851912567,99.20425448365093,112.19295321056839,688642.0,89.63994825385328,98.6920597142782,89.5897575921098
688692,2026,0.11024867,0.053763440860215055,93,5,69.0,0.10774746,10.0,0.090350226,14.0,0.13678923,"Simpson, Jared",WSH,41.47163536648917,87.20745304973374,105.34514616185427,68.30756115272764,105.3471929053702,688692.0,101.42424215642953,52.5279334217116,58.034962439239955
688883,2026,0.1153312,0.11312217194570136,442,50,231.0,0.094859004,205.0,0.13945967,6.0,0.07912115,"Pallette, Peyton",CLE,44.881414364304106,92.32212154645616,94.50106854579647,92.76326837744239,81.15060144976493,688883.0,92.1138775510204,95.91641723356008,86.42612244897958
689017,2026,0.10047317,0.10160427807486631,187,19,84.0,0.09963413,58.0,0.11151367,45.0,0.087809384,"Knack, Landon",LAD,35.28847945007563,77.93271917511345,97.5400125177817,79.92414510891209,84.57214945669264,689017.0,92.60930481283424,102.56106951871656,94.37668449197861
689147,2026,0.13938417,0.1105121293800539,1113,123,578.0,0.104981534,466.0,0.18470974,65.0,0.12110786,"Kerkering, Orion",PHI,58.8020179734391,113.20302696015865,103.2423939517043,116.8867794130102,98.71727275415293,689147.0,107.10589531680438,95.33583103764921,100.42110192837464
689149,2026,0.15984136,0.13076923076923078,260,34,117.0,0.11551415,143.0,0.19610909,0.0,0.0,"Dallas, Chad",TOR,68.20059134418123,127.30088701627184,111.43850720652621,121.86829942846823,,689149.0,97.27765567765569,99.94468864468865,98.83890109890108
689225,2026,0.108658604,0.11627906976744186,387,45,220.0,0.08184851,113.0,0.14581303,54.0,0.1401358,"Brieske, Beau",DET,40.58112030297026,85.8716804544554,83.78487769177613,96.52248456320484,106.9844266164555,689225.0,98.69242268041238,103.93025773195878,101.90773195876288
689254,2026,0.14216161,0.1389413988657845,1058,147,524.0,0.12469902,414.0,0.16969153,110.0,0.12429124,"Fluharty, Mason",TOR,60.60867766135365,115.91301649203048,118.36028408865474,109.31464067728879,100.2228195964922,689254.0,105.62713883302919,99.10548483356696,106.67969780259409
689266,2026,0.18503451,0.1583652618135377,783,124,743.0,0.18716095,36.0,0.14664878,0.0,0.0,"Dodd, Dylan",ATL,76.2167043158378,139.32505647375672,143.37576897003538,97.16322360590812,,689266.0,108.52252577319591,103.5911340206186,107.29752577319589
689296,2026,0.1478645,0.15422885572139303,1005,155,468.0,0.11463137,305.0,0.19769174,220.0,0.15223026,"Nunez, Anthony",BAL,63.217542418269154,119.82631362740374,110.55882683242771,122.89522865291904,111.80937591502712,689296.0,106.40629441624368,89.67116751269037,97.50877157360404
689441,2026,0.117778674,0.08361204013377926,299,25,211.0,0.10152951,84.0,0.15829144,0.0,0.0,"Crow, Coleman",MIL,46.3987010821043,94.59805162315645,99.7118640887114,103.37855567935976,,689441.0,101.22283106723786,104.94564052896257,103.10728776308441
689520,2026,0.1018985,0.10493827160493827,324,34,278.0,0.09983794,0.0,0.0,46.0,0.11435149,"Laweryson, Cody",MIN,35.907119131018284,78.86067869652743,97.97705713543439,,96.0558176295409,689520.0,92.76837837837839,93.07567567567568,85.062972972973
689546,2026,0.14359881,0.07158836689038031,447,32,155.0,0.10167888,291.0,0.16631055,0.0,0.0,"Davila, Nick",SEA,61.11739897859198,116.67609846788797,99.90395994632794,107.23673162255761,,689546.0,92.75796839729121,99.91891647855533,92.47083521444694
689690,2026,0.11142349,0.18584070796460178,113,21,66.0,0.07626902,4.0,0.15337938,43.0,0.16147864,"Jacob, Alek",SD,42.29915888092735,88.44873832139103,78.51138734334059,100.65096353781739,115.81101782795,689690.0,86.30459770114942,118.62620689655172,99.15402298850576
689818,2026,0.12176614,0.11128526645768025,638,71,374.0,0.10472715,224.0,0.15804932,40.0,0.07789491,"Sandlin, David",CWS,49.294425802183326,98.94163870327499,102.9480714624126,103.13178839092086,80.77672651683099,689818.0,99.39147335423199,97.57238244514106,97.42244514106581
689981,2026,0.13115433,0.12195121951219512,82,10,49.0,0.12836605,23.0,0.14413448,10.0,0.11496259,"Ryan, River",DET,54.52026349878999,106.78039524818499,121.35547356042942,95.62443744773327,96.28601034608374,689981.0,100.14951219512193,84.54195121951219,89.6129268292683
690155,2026,0.120527335,0.0979020979020979,143,14,61.0,0.09164549,66.0,0.14389078,16.0,0.13426518,"Pushard, Matt",STL,48.124762446911824,97.18714367036773,91.49868776638168,95.37231087346758,104.52388283912862,690155.0,96.32966101694916,90.39559322033898,83.77288135593221
690279,2026,0.102867424,0.1047008547008547,468,49,295.0,0.084527165,150.0,0.14292264,23.0,0.07687156,"Adams, Mason",COL,36.318016565355876,79.4770248480338,85.79239957581565,95.06801645511662,79.99084055846401,690279.0,93.18659528907926,100.47935760171306,93.80680942184155
690440,2026,0.094356686,0.0763888888888889,144,11,107.0,0.07872235,36.0,0.14233418,0.0,0.0,"Hanner, Bradley",NYY,32.97971362332062,74.46957043498094,81.01445410546451,94.50472265330636,,690440.0,109.50812499999999,83.55125000000001,94.3784375
690829,2026,0.11524788,0.12927756653992395,263,34,236.0,0.116525725,23.0,0.098153226,0.0,0.0,"Joyce, Ben",LAA,44.7380107377072,92.10701610656079,112.22505417719364,71.52957021066997,,690829.0,120.88996138996141,80.93969111969112,100.63969111969112
690925,2026,0.13934347,0.12455089820359282,835,104,409.0,0.1003269,414.0,0.17884664,0.0,0.0,"Beeter, Clayton",WSH,58.755954496587954,113.13393174488193,98.50893739539833,114.39629663278274,,690925.0,100.49225725094577,88.66027742749057,89.78025220680959
690928,2026,0.10746024,0.10193133047210301,932,95,422.0,0.07843936,401.0,0.13220775,109.0,0.12877268,"Dobbins, Hunter",STL,39.60882299942988,84.41323449914482,80.798537836283,89.23777447482843,102.63146964027375,690928.0,95.78929074970326,100.1238220253858,96.61727878732536
690953,2026,0.12804753,0.14878048780487804,410,61,193.0,0.10816166,144.0,0.15711331,69.0,0.12323003,"Abel, Mick",MIN,52.874732256055275,104.31209838408292,105.70488462645447,102.68968797092086,99.72146974207027,690953.0,110.75546218487396,102.06700280112044,110.37512605042016
690978,2026,0.12973598,0.11482254697286012,479,55,198.0,0.07704504,249.0,0.17318818,32.0,0.11764876,"Fulton, Dax",MIA,53.93771158229159,105.90656737343738,79.41016968503018,111.45988541541548,97.25532109486619,690978.0,109.08551210428305,89.89351955307262,101.48588454376163
690986,2026,0.120955676,0.1347647327546825,2189,295,1297.0,0.098596334,691.0,0.15599906,200.0,0.1452721,"Harrison, Kyle",MIL,48.537828913989195,97.8067433709838,96.70843377692037,102.00644959669566,109.31009461189348,690986.0,105.76950538336428,111.38044067257509,113.60684115664168
690990,2026,0.13838688,0.1125,160,18,89.0,0.10742848,42.0,0.20001432,29.0,0.14414355,"Horton, Cade",CHC,58.1731226395722,112.2596839593583,105.242934874672,123.5337944874839,108.57810849694575,690990.0,99.41565217391306,115.68195652173915,112.69565217391306
690997,2026,0.117234275,0.10428816466552315,2915,304,1882.0,0.111185044,851.0,0.13151637,181.0,0.113444336,"McLean, Nolan",NYM,46.06228841770841,94.09343262656262,107.50461966686835,88.86021777779399,95.76675779406237,690997.0,107.05890458146744,95.24028935583874,105.29821563899418
691008,2026,0.113486506,0.09497206703910614,179,17,85.0,0.08113042,71.0,0.15278976,23.0,0.11173592,"Rajcic, Max",STL,43.66259209843349,90.49388814765024,82.80279369104221,100.36156793470904,95.0074833929909,691008.0,97.25590062111799,87.53068322981368,83.3655900621118
691384,2026,0.14838482,0.164,250,41,135.0,0.119032376,34.0,0.15962775,81.0,0.19258633,"Perales, Luis",WSH,63.60252607775333,120.40378911663,114.05790334217991,104.07462738759358,129.94110210056655,691384.0,115.00907630522087,84.48401606425703,99.62538152610439
691587,2026,0.13653187,0.14642986589343965,2759,404,1500.0,0.12784748,1012.0,0.1596476,242.0,0.09581226,"Pérez, Eury",MIA,57.49177879320709,111.23766818981063,121.09412902974407,104.1747510246177,87.80704678943161,691587.0,113.88695772189702,92.70454017679465,104.15657182716211
691594,2026,0.042877343,0.0136986301369863,73,1,0.0,0.0,0.0,0.0,0.0,0.0,"Sanoja, Javier",MIA,26.96487060927091,65.44730591390636,,,,691594.0,49.72410958904109,85.15452054794521,39.51506849315068
691725,2026,0.13189423,0.12599905970850964,2127,268,879.0,0.1009746,853.0,0.15903202,394.0,0.14236061,"Painter, Andrew",PHI,55.047278463054134,107.5709176945812,98.94269174954093,103.67589453029875,107.80216538169371,691725.0,103.34819427053995,102.56466603340789,106.84156423340256
691769,2026,0.094339214,0.08682634730538923,334,29,188.0,0.06764529,121.0,0.12494416,25.0,0.14694963,"Abner, Philip",AZ,32.70669718592883,74.06004577889325,69.51880535341748,85.60370336721726,109.92585935708131,691769.0,89.8511182108626,95.93782747603835,88.9803833865815
691799,2026,0.14177248,0.1346153846153846,1352,182,763.0,0.12175163,589.0,0.16770782,0.0,0.0,"Taylor, Grant",CWS,59.970298936150066,114.9554484042251,116.21512230822387,108.28392191628983,,691799.0,104.76575642973356,110.08564630471449,115.40087908778837
691945,2026,0.10986605,0.1223021582733813,139,17,57.0,0.0913924,82.0,0.12270749,0.0,0.0,"Baumler, Carter",TEX,41.1979820265609,86.79697303984135,91.32898400542457,84.9800305371146,,691945.0,101.6752136752137,66.69504273504273,70.7348717948718
691946,2026,0.1170522,0.13261648745519714,558,74,267.0,0.067942806,187.0,0.18167412,104.0,0.12693591,"Klassen, George",LAA,45.8583053147961,93.78745797219415,69.88798249040148,115.42330633867562,101.61851783255197,691946.0,99.24786150712832,81.45283095723016,83.28187372708759
691951,2026,0.10207452,0.09344262295081968,610,57,347.0,0.078239456,74.0,0.09592504,189.0,0.14824294,"Aldegheri, Sam",LAA,36.156457164927396,79.2346857473911,80.57856801565416,70.60054023189917,110.48758245663892,691951.0,89.58789529349552,96.29448651507138,86.77822210470649
692030,2026,0.104590505,0.12962962962962962,108,14,51.0,0.09341679,26.0,0.12097569,27.0,0.10729561,"Corniell, Jose",TEX,37.56680170844945,81.35020256267417,93.35419032841106,83.9925283765149,93.56963576233197,692030.0,92.06156862745098,95.70196078431371,89.7870588235294
692064,2026,0.14209534,0.17647058823529413,68,12,35.0,0.10906801,10.0,0.19383752,23.0,0.16985774,"Rodríguez, José",TOR,60.49930646880341,115.74895970320512,106.2769858773021,121.32473330939052,119.09732848114618,692064.0,97.59470588235295,105.62,107.39735294117646
692230,2026,0.100506224,0.13186813186813187,182,24,98.0,0.08408619,17.0,0.14784932,67.0,0.11251119,"Rodriguez, Carlos",MIL,35.38032076354506,78.07048114531759,85.48867650847448,98.04217751995706,95.24238078605408,692230.0,86.32437158469945,83.14546448087431,74.0463387978142
693308,2026,0.10520044,0.11764705882352941,391,46,271.0,0.087246485,23.0,0.14597526,96.0,0.14679559,"Frasso, Nick",COL,37.833830746233645,81.75074611935047,87.90833369766786,96.72025724437896,109.78760696631488,693308.0,95.86371134020621,91.87582474226802,83.77567010309278
693312,2026,0.120500766,0.06550218340611354,229,15,118.0,0.09656846,111.0,0.14594232,0.0,0.0,"Nicolas, Kyle",CIN,48.0928642169432,97.13929632541479,95.31504070539081,96.67086884123269,,693312.0,94.42777777777778,73.32838383838383,74.63242424242425
693313,2026,0.12386751,0.10638297872340426,564,60,407.0,0.11458405,136.0,0.15021662,15.0,0.14056066,"Seymour, Carson",SF,50.423119739546486,100.63467960931973,110.49739517627478,99.44552326740373,107.23372322256886,693313.0,105.80414218459185,82.20868187292433,90.72051290098898
693433,2026,0.12508409,0.13415967918337587,2743,368,1807.0,0.1106804,758.0,0.16112396,175.0,0.11853649,"Woo, Bryan",SEA,51.462171086010805,102.1932566290162,107.17982871006063,104.72890297104472,97.65091346326219,693433.0,108.4858602554471,106.50290758827944,111.31685950413218
693645,2026,0.12918076,0.15003219575016097,3106,466,2763.0,0.1268525,339.0,0.14942095,0.0,0.0,"Schlittler, Cam",NYY,53.50118190226969,105.25177285340453,120.22634596075858,98.86611789621281,,693645.0,113.37071640805549,102.17223506107625,114.30551337074945
693686,2026,0.12505281,0.08869908015768725,1522,135,899.0,0.112030044,613.0,0.1448616,2.0,0.102373905,"Miles, Spencer",TOR,51.39886079613212,102.09829119419818,107.99855066931585,95.87533376546493,91.42189150305425,693686.0,100.13607735141305,109.66863706188886,107.31778553233458
693821,2026,0.12371745,0.09790832220738763,2247,220,1467.0,0.10597941,502.0,0.17440441,276.0,0.12653573,"Elder, Bryce",ATL,50.297706077374606,100.4465591160619,103.78533268505291,112.0496683697142,101.39457772841611,693821.0,84.15245857590688,105.57427675772507,94.3891267353337
693855,2026,0.1165361,0.14946783896344285,2161,323,959.0,0.09096583,571.0,0.14404745,616.0,0.13041516,"Seymour, Ian",TB,45.514412551872695,93.27161882780905,91.15816303225333,95.52373909705956,103.14218986615563,693855.0,101.81000601235408,102.12992746879897,101.76371088619038
694037,2026,0.14702807,0.13496932515337423,489,66,339.0,0.13218388,116.0,0.19089065,30.0,0.14631025,"Palencia, Daniel",CHC,62.923094518509714,119.38464177776457,123.56260970442484,119.72715879337301,109.51356047748351,694037.0,100.06559999999999,103.11360000000003,106.78589473684205
694297,2026,0.11816005,0.10549558390578999,2038,215,1120.0,0.093006395,588.0,0.1548298,324.0,0.13864711,"Pfaadt, Brandon",AZ,46.66490871557162,94.99736307335743,92.87397327386495,101.52104095357657,106.18694694162107,694297.0,95.56147020407339,105.11852513938896,102.14625175598495
694298,2026,0.08922474,0.10666666666666667,75,8,48.0,0.08176749,5.0,0.084087,22.0,0.10666278,"Dombkowski, Nick",PIT,31.46075763958306,72.19113645937459,83.69847507733013,66.22870611207378,93.32451309668606,,,,
694335,2026,0.13255838,0.09137055837563451,788,72,534.0,0.118443064,254.0,0.16223389,0.0,0.0,"Svanson, Matt",STL,55.515597783083095,108.27339667462465,113.47259765326868,105.44375942709034,,694335.0,95.81683745838288,100.18532600915408,95.89502258981747
694341,2026,0.1195066,0.15447154471544716,246,38,131.0,0.08174961,92.0,0.1664759,23.0,0.14668004,"Beck, Brendan",NYY,47.41796685449115,96.12695028173673,83.61152817109368,107.45411263025764,109.71879205217354,694341.0,87.440081300813,98.86016260162603,85.3651219512195
694346,2026,0.12046832,0.08860759493670886,711,63,454.0,0.0943061,257.0,0.16668487,0.0,0.0,"Gibson, Trey",BAL,48.06094657006161,97.09141985509241,94.13994374775038,107.67307059783022,,694346.0,97.69928472739308,92.81166306775877,94.29871241830067
694350,2026,0.112191625,0.09375,64,6,31.0,0.091333866,23.0,0.12598549,10.0,0.14512476,"Brzykcy, Zach",MIA,42.87653118722072,89.31479678083107,91.27216962835345,85.90638355348953,109.24265338259643,694350.0,87.19875,80.00375,66.28375000000001
694357,2026,0.14945157,0.11290322580645161,124,14,49.0,0.07764233,62.0,0.21944016,12.0,0.09119307,"Tiedemann, Ricky",TOR,64.00879867676551,121.01319801514826,80.12563466660534,130.08781455874822,85.57736481696821,694357.0,104.73512195121951,80.68634146341462,86.14536585365855
694360,2026,0.11345724,0.11528822055137844,399,46,323.0,0.11595776,62.0,0.10865777,14.0,0.077021435,"Way, Beck",KC,43.58580242897048,90.37870364345572,112.02532987963747,77.25809127437361,80.12563466660534,694360.0,98.91167095115681,91.49028277634962,90.56863753213366
694361,2026,0.12506784,0.10387984981226533,799,83,405.0,0.09875184,388.0,0.15290621,0.0,0.0,"Klein, Will",LAD,51.43050877386003,102.14576316079005,96.80674350058624,100.40978828196131,,694361.0,94.84339521709347,103.44366722854659,101.0610520239222
694363,2026,0.12832491,0.05232558139534884,172,9,98.0,0.09465827,34.0,0.211056,34.0,0.14835115,"Shuster, Jared",STL,53.10408935455323,104.65613403182985,94.34670306007561,127.90689573589073,110.55882683242771,694363.0,89.81939759036146,85.14132530120482,85.91819277108435
694370,2026,0.09968106,0.09090909090909091,77,7,46.0,0.08118573,31.0,0.12712573,0.0,0.0,"Wells, Levi",BAL,34.60777555397008,76.91166333095512,82.8951169421893,86.49516439845047,,,,,
694397,2026,0.12114341,0.11,100,11,46.0,0.06453111,37.0,0.18720043,17.0,0.13055846,"Raya, Marco",MIN,48.75917558038217,98.13876337057326,66.20654520941977,118.12484374959142,103.42746713462144,694397.0,88.9302,95.30320000000002,90.08120000000001
694462,2026,0.120801814,0.09302325581395349,215,20,117.0,0.09922052,57.0,0.16413686,41.0,0.12214115,"Waldrep, Hurston",ATL,48.25216813251575,97.37825219877362,97.24750786732207,106.38166444526185,99.21980845601165,694462.0,90.0963826239579,73.5150832236361,72.79186953342109
694477,2026,0.107038744,0.12376779846659365,1826,226,1639.0,0.10511407,156.0,0.13195495,22.0,0.06910271,"Patrick, Chad",MIL,39.11217929467017,83.66826894200526,103.39001754008669,89.11269005384848,76.86316869015836,694477.0,100.68080987966673,95.63743703423198,96.87689949579769
694494,2026,0.12626582,0.14285714285714285,161,23,87.0,0.099050425,74.0,0.15826233,0.0,0.0,"Johnson, Ty",TB,51.9071357830568,102.86070367458521,97.0519285375874,103.32913115876731,,694494.0,103.66163522012579,85.29911949685535,88.84691823899371
694646,2026,0.12717512,0.10967741935483871,155,17,124.0,0.13106768,24.0,0.13369557,7.0,0.0358652,"McDermott, Chayce",NYM,52.452666146825564,103.67899922023835,122.62053853982201,90.15333938629728,69.19376634052266,694646.0,95.81220084151472,93.02762300140253,93.10774193548386
694680,2026,0.13517696,0.1018867924528302,265,27,196.0,0.13000487,17.0,0.16214576,52.0,0.14585498,"Martin, Trevor",TB,56.41419757102952,109.62129635654428,122.4719419852813,105.34091522869724,109.37772457019867,694680.0,99.52112187659357,92.95198980112185,94.50991738908719
694738,2026,0.12938009,0.10570902394106814,2715,287,1467.0,0.10115257,693.0,0.17132579,552.0,0.15228993,"Roupp, Landen",SF,53.6347511364288,105.45212670464319,99.1832617343489,110.33017673628416,111.96186743690087,694738.0,98.37408314773566,104.10406087602078,103.42978470675574
694753,2026,0.12230107,0.10888252148997135,349,38,233.0,0.12633008,54.0,0.10894907,62.0,0.11878896,"Curtis, Khristian",PIT,49.48277739922399,99.22416609883598,119.31092796781769,77.70434824627529,97.70728712531181,694753.0,94.72954022988507,89.37614942528735,87.25402298850575
694795,2026,0.12627211,0.08873720136518772,586,52,376.0,0.10129538,202.0,0.17236215,0.0,0.0,"Ekness, Josh",MIA,51.93905342993839,102.90858014490759,99.47167409655124,110.69996338563395,,694795.0,118.08676470588237,91.12558823529412,107.20345588235291
694819,2026,0.15094814,0.18976234003656306,2735,519,2100.0,0.14932923,598.0,0.16108194,35.0,0.081358075,"Misiorowski, Jacob",MIL,64.80461979723208,122.20692969584812,132.17957289589106,104.67826942353682,82.09439466492424,694819.0,127.97971201212582,100.37901477832509,129.17745358090184
694820,2026,0.11911193,0.125,104,13,36.0,0.09362618,68.0,0.13260439,0.0,0.0,"Roxby, Braxton",SF,47.25564545830486,95.8834681874573,93.51273688114114,89.48572870623683,,694820.0,100.55250000000001,94.63980769230768,94.19461538461539
694851,2026,0.11470642,0.06938775510204082,245,17,124.0,0.0727229,51.0,0.1558738,69.0,0.16137518,"Hoffmann, Andrew",AZ,44.33788480505248,91.50682720757872,74.62243139685609,101.9092159301206,115.71426434094313,694851.0,90.6565254237288,100.58728813559321,92.59381355932204
694918,2026,0.12352942,0.10104166666666667,960,97,488.0,0.10442652,429.0,0.14922301,42.0,0.085448235,"Tidwell, Blade",SF,50.17233922452461,100.25850883678692,102.4599874822183,98.7210356780108,83.49238913481587,694918.0,101.79159017364204,91.86737879124836,91.59013261691447
694973,2026,0.12029681,0.1428087986463621,2955,422,1564.0,0.09838387,735.0,0.15612042,656.0,0.13240276,"Skenes, Paul",PIT,47.8369498475204,96.7554247712806,96.51138488749496,102.15245964385429,103.9441823704591,694973.0,98.70020062262196,107.16141127637492,104.98174334140447
695001,2026,0.12029421,0.08368200836820083,239,20,74.0,0.09435425,164.0,0.13258973,0.0,0.0,"Santa, Alimber",HOU,47.8048641677526,96.70729625162889,94.19173651199485,89.42401160649963,,695001.0,103.44186234817812,99.97611336032388,102.59635627530365
695034,2026,0.108707525,0.08978328173374613,323,29,180.0,0.10339474,100.0,0.1052936,42.0,0.14102443,"Morris, Kade",ATH,40.62983362807847,85.94475044211771,101.39457772841611,75.23348467301888,107.61147755571118,695034.0,92.09144925769728,93.27364423100362,85.98399990248896
695049,2026,0.10825051,0.1320754716981132,212,28,101.0,0.060980473,64.0,0.17349686,47.0,0.120984726,"Kerry, Brett",LAA,40.02970106384994,85.04455159577492,64.0691879469831,111.65447329546338,98.49349419232796,695049.0,86.18242990654205,110.22280373831777,95.65112149532709
695076,2026,0.12999128,0.08078231292517007,2352,190,1186.0,0.09724681,688.0,0.17505318,472.0,0.14702658,"Lowder, Rhett",CIN,54.0055198838524,106.0082798257786,95.8167049838129,112.3854982369378,110.06496014356858,695076.0,87.03545895123405,104.06341681956813,93.1097040387323
695239,2026,0.1336797,0.11969696969696969,660,79,355.0,0.11301594,191.0,0.18579614,102.0,0.109782696,"Ahlstrom, Robby",TEX,55.88420620902715,108.82630931354072,108.78477023613891,117.44343651276535,94.59340802895085,695239.0,105.92393188854491,101.97445820433437,106.43222910216718
695243,2026,0.1981515,0.21075085324232082,1172,247,567.0,0.17522445,577.0,0.22496781,23.0,0.10801999,"Miller, Mason",SD,78.9846011654952,143.47690174824282,140.90934452401265,131.25681475429604,93.99454923197878,695243.0,118.45659169550176,101.58756055363321,116.76856401384084
695378,2026,0.11857842,0.09523809523809523,189,18,80.0,0.075147584,98.0,0.1549828,11.0,0.11010911,"Sinclair, Jack",WSH,46.96160274472614,95.44240411708921,77.37946146017799,101.66647327542515,94.6528070946298,695378.0,102.56754491017965,86.53137724550898,90.9122155688623
695380,2026,0.14956038,0.11740890688259109,741,87,456.0,0.115985855,269.0,0.20922878,8.0,0.06923146,"Hoppe, Alex",SEA,64.17797137996267,121.266957069944,112.09166630233214,127.38020140792736,77.0444958115171,695380.0,113.76162066369831,96.30557867004681,107.9178230262496
695418,2026,0.10822833,0.0966022651565623,1501,145,925.0,0.090865865,497.0,0.14267698,70.0,0.09282968,"Lord, Brad",WSH,39.97806196566999,84.96709294850498,90.98618758699537,94.96613848879696,86.68764072113001,695418.0,94.19499922500388,99.08860095699521,88.99527872360636
695445,2026,0.10719147,0.08092485549132948,173,14,87.0,0.08729655,64.0,0.1304809,14.0,0.11672517,"Lee, Chase",TOR,39.336157976681775,84.00423696502267,88.04077218272379,87.9503316302858,96.91472616621489,695445.0,95.6023611111111,95.94097222222221,93.16958333333335
695505,2026,0.18501365,0.15699658703071673,2637,414,1474.0,0.14633621,1026.0,0.24914695,137.0,0.120851405,"Burns, Chase",CIN,75.34835940052797,138.02253910079196,131.28033349047743,145.0,98.38148216744803,695505.0,112.0924824355972,101.19822014051522,113.91245120999217
695534,2026,0.119159356,0.09433962264150944,477,45,235.0,0.10796423,132.0,0.14617196,110.0,0.11066108,"Petty, Chase",CIN,47.320658415355076,95.98098762303262,105.49893145420353,96.81892804509178,94.77135519050671,695534.0,99.61002096436057,99.79995807127882,98.95823899371067
695549,2026,0.1401724,0.12062256809338522,771,93,396.0,0.12988566,296.0,0.15741931,79.0,0.12711507,"Jobe, Jackson",DET,59.08242716476637,113.62364074714955,122.18119220874425,102.88586584729278,101.73062018502291,695549.0,102.887178153446,103.55898569570873,106.78626788036414
695611,2026,0.12672803,0.12088535754824063,1762,213,905.0,0.099580586,687.0,0.16544387,164.0,0.11471651,"Jump, Gage",ATH,52.32370834100599,103.48556251150899,97.44262035474797,106.75304439148942,96.2285462286268,695611.0,106.51083143507975,99.04405466970385,103.28391799544424
695684,2026,0.12268705,0.11670020120724346,497,58,324.0,0.10980994,134.0,0.16084853,39.0,0.098547205,"Rodríguez, Elmer",NYY,49.76498196627406,99.64747294941108,106.96516592497584,104.62768912653242,89.5834261119544,695684.0,95.12247191011235,84.31546816479403,78.7590262172285
695766,2026,0.119247586,0.19402985074626866,67,13,33.0,0.08861815,16.0,0.10216124,18.0,0.19058941,"Molina, Mason",STL,47.353122303912706,96.02968345586906,89.19364951093888,73.80639774436912,129.16542515093204,,,,
696062,2026,0.13764666,0.11938202247191011,712,85,507.0,0.12898882,150.0,0.17577322,49.0,0.11573324,"Dotel, Wilber",PIT,57.827907505832826,111.74186125874924,121.4886126566594,112.93616093799511,96.40077615707129,696062.0,102.12861996762582,99.85741650549893,102.49978328400233
696070,2026,0.12419991,0.12092130518234165,521,63,301.0,0.10813544,144.0,0.15867843,76.0,0.12249599,"Rojas, Kendry",MIN,50.79983976546711,101.19975964820067,105.60177603397115,103.57662678521486,99.38709814165918,696070.0,103.74335297521768,87.66234932944921,92.6864674183451
696131,2026,0.100666925,0.07719928186714542,557,43,308.0,0.08780963,225.0,0.12173968,23.0,0.0690174,"Black, Mason",KC,35.47094522754733,78.206417841321,88.49716425136427,84.24581128886956,76.6783960810472,696131.0,93.52212230215822,96.24111510791367,92.81262589928062
696136,2026,0.12491204,0.12222222222222222,180,22,84.0,0.09473344,45.0,0.13431953,51.0,0.16631727,"Wicks, Jordan",CHC,51.2724056507701,101.90860847615514,94.39822396602885,90.50935088526832,118.13485080356384,696136.0,97.30277777777779,114.46155555555556,112.16444444444446
696146,2026,0.11859906,0.1535181236673774,469,72,316.0,0.09286307,142.0,0.17686106,11.0,0.105814435,"Smith, Hagen",CWS,47.059896570995846,95.58984485649377,92.76627677743116,113.65005679912065,93.07759458672763,696146.0,107.65159914712154,93.47573560767596,100.47936034115139
696147,2026,0.15129587,0.145083932853717,834,121,279.0,0.10357543,431.0,0.19128872,120.0,0.11917336,"Bachman, Sam",LAA,64.99476734185816,122.49215101278725,101.63590694292887,120.07585489108791,97.8199381863824,696147.0,102.03665060240965,93.88091566265061,97.12703614457837
696149,2026,0.13544694,0.10326894502228826,2692,278,1517.0,0.13351357,785.0,0.1545266,383.0,0.10494078,"Chandler, Bubba",PIT,56.7252426165581,110.08786392483715,124.4254211007536,101.32735099118048,92.70364188057118,696149.0,100.72119555999345,102.00954179661143,104.58900745016506
696270,2026,0.13522266,0.11055276381909548,1791,198,1001.0,0.11935457,422.0,0.15823838,364.0,0.15226786,"Johnson, Ryan",LAA,56.491367342058744,109.73705101308812,114.35872608414087,103.27974275562104,111.88546813056217,696270.0,94.56543588314122,94.40726331099795,89.7396856106495
696519,2026,0.12881865,0.16853932584269662,623,105,492.0,0.11783615,125.0,0.17382646,6.0,0.091721445,"Natera Jr., Samy",LAA,53.33509128442838,105.00263692664257,113.18751577666856,111.78529473758428,85.84045605509642,696519.0,110.79178509532063,91.87438474870018,102.97580589254768
696522,2026,0.121589474,0.0684931506849315,292,20,167.0,0.10718526,63.0,0.15677387,62.0,0.12463604,"Juenger, Hayden",ATH,49.13727753141193,98.7059162971179,104.93773491074373,102.64071661069579,100.3342447617263,696522.0,86.79235610801061,102.84247477309889,93.61872766221322
697812,2026,0.09989264,0.11374407582938388,211,24,125.0,0.05917773,79.0,0.16891342,7.0,0.047995888,"Rock, Joe",CWS,34.809503540767395,77.21425531115109,62.09046599899304,108.79408974103967,72.18628166964007,697812.0,98.1029383886256,51.30644549763032,51.996777251184824
699008,2026,0.12406303,0.08191126279863481,293,24,176.0,0.10120403,81.0,0.17514816,36.0,0.12087659,"Kelly, Antwone",PIT,50.6427658167968,100.9641487251952,99.279427474616,112.45341020205387,98.43749907115932,699008.0,110.1542483660131,97.48065359477125,107.00777777777778
699044,2026,0.13767982,0.13135593220338984,236,31,169.0,0.1375443,65.0,0.14103502,2.0,0.04008627,"Ullola, Miguel",HOU,57.87054436881757,111.80581655322635,126.91152577314601,93.61833555473815,70.83457484906795,699044.0,105.14559081050686,99.03473652502211,106.9810924572255
699134,2026,0.12375959,0.15854665565648224,1211,192,622.0,0.10979158,71.0,0.13976364,517.0,0.13853282,"Rodriguez, Bradgley",SD,50.36040582254819,100.54060873382228,106.85836983118608,92.87138874230133,106.06585054407124,699134.0,102.51038391359376,105.628828815664,107.77773685895207
699151,2026,0.12366327,0.1039426523297491,279,29,140.0,0.10469543,51.0,0.11444389,88.0,0.15918244,"Paez, Jedixson",BOS,50.266360747119535,100.3995411206793,102.89913092378366,81.25980637055349,114.78048632552876,699151.0,85.00482915071177,105.38427081404308,94.11145783427618
699823,2026,0.14698994,0.11670020120724346,497,58,303.0,0.12665427,154.0,0.18965422,31.0,0.14015304,"Davis, Tyler",CWS,62.77998372834334,119.16997559251502,119.87436533339468,119.38880898934195,107.0465674571985,699823.0,101.9159426229508,98.38909836065572,98.48614754098362
700187,2026,0.10203923,0.1568627450980392,51,8,32.0,0.06396417,19.0,0.16616565,0.0,0.0,"Taylor, Troy",SEA,35.99120132323449,78.98680198485174,65.5693026281676,107.18262479278907,,700187.0,96.8929411764706,84.61333333333333,85.0878431372549
700241,2026,0.11730266,0.09026798307475317,2836,256,1476.0,0.09255094,783.0,0.15408772,577.0,0.13070096,"McGreevy, Michael",STL,46.09612459923195,94.14418689884792,92.44090893119406,100.98890588574132,103.48466834259875,700241.0,81.24672681342476,110.41575604474917,94.7873403103573
700249,2026,0.101846546,0.10474631751227496,611,64,332.0,0.09011963,217.0,0.12001755,62.0,0.1010438,"Povich, Cade",BAL,35.82202862003733,78.733042930056,90.34509362087616,83.55993654109771,90.8246015238736,700249.0,99.47172830681383,89.45604583869867,88.37119799164641
700270,2026,0.15356527,0.10810810810810811,185,20,87.0,0.10904801,98.0,0.19308569,0.0,0.0,"Díaz, Yilber",DET,65.4954817548606,123.24322263229091,106.22461034906509,121.0631457003298,,700270.0,102.17876712328767,90.55890410958904,87.71657534246576
700363,2026,0.133272,0.1169284467713787,573,67,284.0,0.107340984,85.0,0.12380773,204.0,0.17331551,"Smith-Shawver, AJ",ATL,55.735830270992366,108.60374540648854,105.14096645070678,85.37278991314595,121.77109934210938,700363.0,105.03239696098883,99.82826437822305,102.3164006001041
700669,2026,0.12243373,0.09570154095701541,1233,118,733.0,0.11580314,324.0,0.15145144,165.0,0.09498116,"Graceffo, Gordon",STL,49.54551721450223,99.31827582175335,111.82771512265046,100.07230686487432,87.33594925819662,700669.0,92.98419922289825,99.09766883361166,94.51731802728877
700712,2026,0.12427622,0.12846946867565423,2522,324,1301.0,0.11148742,353.0,0.17008896,858.0,0.1251838,"Ureña, Walbert",LAA,50.8941764620711,101.34126469310665,107.83296808993285,109.5496089719932,100.55715659339648,700712.0,100.74148738504256,101.64613672136942,104.58858568696316
700842,2026,0.11003334,0.1145374449339207,227,26,127.0,0.07708026,67.0,0.15964544,33.0,0.13612518,"Rivera, Eduardo",BOS,41.28992393768108,86.93488590652163,79.53266877744507,104.12466623453507,105.11042240631693,700842.0,100.48780952380952,95.92990476190478,98.3892380952381
701121,2026,0.107813075,0.12444444444444444,225,28,143.0,0.08389344,67.0,0.1491432,15.0,0.15123905,"VanWey, Logan",HOU,39.82151585856708,84.73227378785063,85.25692176760427,98.67264900881952,111.65809523391086,701121.0,102.84791666666668,109.89249999999998,108.03229166666664
701474,2026,0.1198516,0.096,125,12,58.0,0.074447416,52.0,0.15935408,11.0,0.17181112,"Davitt, Duncan",SF,47.61186240033628,96.41779360050441,76.43739029557516,103.97468496668283,120.56522065656442,701474.0,96.32176607977003,97.31023176428315,98.80752784764643
701519,2026,0.11573163,0.13263157894736843,950,126,486.0,0.090943545,231.0,0.14998537,233.0,0.1334758,"Adams, Travis",MIN,45.02377298682049,92.53565948023073,91.10096803723953,99.25252271459448,104.17530778278194,701519.0,93.34720168954594,91.87326293558606,86.12312565997885
701542,2026,0.119154304,0.10081240768094535,2708,273,1626.0,0.09989812,710.0,0.14062215,368.0,0.16336893,"Warren, Will",NYY,47.28816626444827,95.9322493966724,98.02550504781564,93.24695560851058,116.92215467918146,701542.0,102.48470997562119,106.22277430347299,110.72645921396966
701552,2026,0.13056001,0.04054054054054054,222,9,81.0,0.09643555,136.0,0.15446389,5.0,0.033190895,"Granillo, Andre",WSH,54.313003443613894,106.46950516542084,95.26459419556542,101.23059095761982,68.21208980757488,701552.0,97.64867346938773,80.62357142857141,82.56408163265304
701656,2026,0.11730868,0.1410842586544742,1531,216,945.0,0.09831502,47.0,0.11067394,539.0,0.15118779,"Henderson, Logan",MIL,46.129916144613304,94.19487421691996,96.4620297860497,79.19218845117756,111.58289821283027,701656.0,102.04420013166558,107.90849242922974,106.5945358788676
701719,2026,0.12380064,0.09316770186335403,322,30,242.0,0.11339751,59.0,0.17336224,20.0,0.10848068,"Samaniego, Tyler",BOS,50.391760855030974,100.58764128254646,109.30310922232886,111.58939412713386,94.17517038986401,701719.0,101.11555533585984,94.69431669138243,96.58053715603889
702021,2026,0.10704617,0.1351010101010101,792,107,431.0,0.09641674,157.0,0.09973015,204.0,0.13513395,"Dion, Will",WSH,39.168683670355776,83.75302550553366,95.21409406910621,72.36071064109856,104.9925166070091,702021.0,107.32550961625178,107.23242052218613,111.67663837031029
702047,2026,0.12283472,0.09183673469387756,98,9,66.0,0.10460069,19.0,0.16262883,13.0,0.15724684,"Cook, Alex",TB,49.89033281476565,99.83549922214847,102.70367162425991,105.59850867337825,113.90073809176329,702047.0,101.6808163265306,96.9295918367347,99.39979591836737
702056,2026,0.13427441,0.14268066707844348,1619,231,757.0,0.104747206,392.0,0.16178267,470.0,0.15888898,"Yesavage, Trey",TOR,56.14704329637579,109.22056494456369,102.99704340415649,105.1871166680362,114.60052201540782,702056.0,107.75809405940593,89.78179455445544,96.42518564356438
702070,2026,0.113239504,0.12331606217616581,2895,357,1452.0,0.09582256,862.0,0.13419142,578.0,0.12599789,"Cameron, Noah",KC,43.431074361823136,90.1466115427347,95.01154357182992,90.39128325787023,100.8359753161447,702070.0,96.7541357966164,105.23540163603369,104.45016432753818
702153,2026,0.12187488,0.11016949152542373,118,13,46.0,0.10152319,32.0,0.12225333,40.0,0.14497656,"Fitzpatrick, Brian",MIL,49.3572341832032,99.0358512748048,99.66383397065185,84.57669366132438,109.1753984761264,702153.0,98.99724770642203,108.27155963302751,107.39082568807339
702193,2026,0.12836935,0.11043412033511044,1313,145,1023.0,0.13308142,133.0,0.13280469,139.0,0.09201698,"Morris, Andrew",MIN,53.136985528385694,104.70547829257853,124.07070501340674,89.60863250165262,86.35399438374789,702193.0,106.98188995030588,101.97240951716049,106.4698256995537
702273,2026,0.118314266,0.09429477020602219,1262,119,882.0,0.10458626,259.0,0.16922471,121.0,0.1094077,"Schultz, Noah",CWS,46.83008431547102,95.24512647320653,102.654879739325,108.90883406342367,94.41469667926592,702273.0,98.4890799927927,98.78540328505264,94.73485057965495
702275,2026,0.114989616,0.09516380655226209,1282,122,640.0,0.09990471,412.0,0.14219612,226.0,0.10794257,"Ritchie, JR",ATL,44.59351671435559,91.89027507153338,98.07393237096333,94.45313982964271,93.87365116780505,702275.0,95.23658182082185,95.83888422632009,97.20572219802202
702281,2026,0.12147847,0.13953488372093023,86,12,35.0,0.09343838,37.0,0.12616314,14.0,0.1791978,"Snelling, Robby",MIA,49.01140719591261,98.51711079386891,93.45996939115176,86.20343117545569,123.70214812686258,702281.0,105.46744186046513,91.39139534883721,93.8506976744186
702303,2026,0.13541335,0.1016949152542373,118,12,65.0,0.10912864,53.0,0.1676493,0.0,0.0,"Martin, Riley",CHC,56.686010540871266,110.02901581130689,106.32943804667053,108.06025505843901,,702303.0,108.52990446841297,104.93443759630198,108.67686594761169
702352,2026,0.11576248,0.0975609756097561,205,20,134.0,0.10703863,50.0,0.14682631,21.0,0.09746741,"Bivens, Spencer",SF,45.094574103094104,92.64186115464116,104.78590593089379,97.31031202907914,89.08130063677534,702352.0,108.26420111634395,102.47626199197627,104.78513518227803
702474,2026,0.10648483,0.09601449275362318,552,53,289.0,0.08866569,121.0,0.13675828,141.0,0.117502905,"Paredes, Mike",MIN,38.76558422707942,83.14837634061914,89.25580419196811,91.65987434649509,97.14195527051206,702474.0,93.58541496332577,97.89742037056008,93.6026775059675
702566,2026,0.1000751,0.10849056603773585,212,23,112.0,0.0893328,58.0,0.09635401,42.0,0.1338599,"Murphy, Owen",ATL,35.00523265814184,77.50784898721277,89.86757744249107,70.92272788649893,104.23324220593763,702566.0,93.3209433962264,100.98094339622642,90.42830188679243
702752,2026,0.12256979,0.1183206106870229,524,62,465.0,0.1214446,24.0,0.15243582,34.0,0.11977005,"Pintaro, Jonathan",NYM,49.702293922625394,99.5534408839381,115.87476635038674,100.21692731581562,98.04487841852627,702752.0,108.08542056074766,85.61790654205606,94.00429906542058
702885,2026,0.12393895,0.09866666666666667,375,37,174.0,0.09719149,87.0,0.14427891,114.0,0.1492414,"Perdomo, Cesar",SF,50.51722260077601,100.77583390116402,95.76675779406237,95.6747124881711,110.91869936322466,702885.0,86.84937329100529,104.24766306878305,96.46628317460316
703615,2026,0.10021252,0.08405172413793104,464,39,280.0,0.09270608,119.0,0.11270573,64.0,0.11075868,"Cabrera, Jose",AZ,35.10097978602305,77.65146967903458,92.65820608863753,80.61119101065805,94.83050653202434,703615.0,88.61160746135555,87.8801701843044,80.25022393975426
703725,2026,0.12621444,0.16823899371069181,636,107,256.0,0.08167214,146.0,0.1498491,234.0,0.16019806,"Gastelum, Luis",STL,51.84335839224932,102.76503758837399,83.43596177901188,99.1559780115214,115.14695390962075,703725.0,100.1313712374582,98.92026755852841,99.17759197324413
800048,2026,0.12290958,0.12343234323432344,3030,374,1848.0,0.10465536,456.0,0.12274026,720.0,0.1700948,"Messick, Parker",CLE,49.92166706533399,99.88250059800099,102.85022122769843,85.05940181384757,119.22327348316901,800048.0,97.32393754243046,106.06334012219965,105.27670061099795
800311,2026,0.12333671,0.15337423312883436,1304,200,880.0,0.09479672,320.0,0.18460694,96.0,0.18091904,"Fuentes, Didier",ATL,50.04699945318105,100.07049917977157,94.44967887032679,116.61698201790547,124.30328892623578,800311.0,115.15128777580549,102.18162082078818,114.81131021659998
800600,2026,0.11722589,0.10782865583456426,677,73,299.0,0.082279935,239.0,0.13667545,139.0,0.15895541,"Kent, Jackson",WSH,46.02840709354695,94.04261064032043,84.12523364961326,91.54711357852801,114.69023985014177,800600.0,87.63003577440045,95.14804717902413,85.95810915854096
801139,2026,0.13376224,0.15310586176727908,2286,350,2005.0,0.13657168,212.0,0.12126607,65.0,0.08833557,"Tolle, Payton",BOS,55.99634274061925,108.99451411092888,126.6748091487374,84.07746055443135,84.66637918783157,801139.0,114.69521126760561,99.90999119718305,112.15597711267607
801403,2026,0.11887894,0.13358778625954199,786,105,481.0,0.102014184,219.0,0.16156724,86.0,0.10449762,"Dollander, Chase",COL,47.22309560178423,95.83464340267635,100.1920840446297,105.03386151120304,92.51496579886623,801403.0,109.83427537752974,95.21632400261771,103.16945727092002
801434,2026,0.10603137,0.11290322580645161,124,14,74.0,0.08488029,49.0,0.13712893,1.0,0.1474307,"Gervase, Paul",LAD,38.40494018988619,82.60741028482929,86.01642248318302,91.88399795016382,110.27525167712653,801434.0,86.74129032258062,89.3241935483871,82.33709677419354
801725,2026,0.1484358,0.07142857142857142,126,9,85.0,0.14187208,15.0,0.15974775,26.0,0.16336802,"De León, Luis",BAL,63.76231411651487,120.64347117477232,127.93247659679682,104.3252875118289,116.81731331454566,801725.0,112.85455999999999,98.83888,112.94912
801739,2026,0.14151046,0.15151515151515152,66,10,23.0,0.10013384,35.0,0.18467432,8.0,0.07162633,"Lagrange, Carlos",NYY,59.81695262593764,114.72542893890646,98.36409305707113,116.70631421836205,77.90442728041242,,,,
802408,2026,0.105310425,0.1357615894039735,302,41,160.0,0.092540346,139.0,0.1221522,3.0,0.0060456772,"Mautz, Brycen",STL,38.0285489002763,82.04282335041445,92.3863376624369,84.41220059500014,57.328551365509384,802408.0,104.77810272483696,79.96343612557504,87.51210151155149
804267,2026,0.1109839,0.09213661636219221,1259,116,858.0,0.1014341,341.0,0.14068602,58.0,0.08034158,"Thornton, Zac",NYM,42.000676612277225,88.00101491841583,99.61580040567475,93.35347723895342,81.5131192043023,804267.0,98.68372204472846,97.17182108626203,94.36648562300317
804619,2026,0.09354654,0.08108108108108109,148,12,82.0,0.085696556,26.0,0.10745274,40.0,0.10059996,"Klein, John",MIN,32.271284868268,73.406927302402,86.95325220566689,76.79074582590948,90.48643952251649,804619.0,95.57783783783785,83.35378378378377,76.15797297297298
804636,2026,0.11982513,0.1423948220064725,618,88,403.0,0.124164835,57.0,0.080850594,158.0,0.12281659,"Tong, Jonah",NYM,47.57961072471154,96.36941608706732,117.86259723062643,64.88459293554328,99.55431162600544,804636.0,96.18035952920852,91.41436259583197,88.81778313357088
804926,2026,0.10328238,0.12380952380952381,105,13,66.0,0.08505394,30.0,0.14347042,9.0,0.102997415,"Peterson, Austin",CLE,36.5538624795724,79.83079371935861,86.09040655175778,95.27109702895528,91.68299445784032,804926.0,91.76209523809524,92.22647619047619,85.86190476190477
805074,2026,0.12046634,0.09186351706036745,381,35,170.0,0.05322046,158.0,0.18633813,53.0,0.13978818,"Marte, Yunior",SF,48.029009157056876,97.04351373558532,56.62423102996459,117.63441894181405,106.61404147599262,805074.0,84.99853931302066,96.18260869565216,86.86292137395868
805123,2026,0.13636217,0.13644524236983843,1671,228,930.0,0.11717345,394.0,0.16640908,347.0,0.15367347,"Blubaugh, AJ",HOU,57.36790107472499,111.05185161208749,112.6311625655378,107.34522929363882,112.74378305977444,805123.0,104.26609013398294,93.78093788063342,97.41362971985374
805299,2026,0.14201975,0.11724137931034483,725,85,500.0,0.13304824,220.0,0.16302018,0.0,0.0,"Garcia, Brandyn",AZ,60.44508907964203,115.66763361946305,123.89828227034575,105.80577519996561,,805299.0,114.07264150943398,100.00420485175205,112.84320754716981
805326,2026,0.12443967,0.11130742049469965,566,63,241.0,0.08751605,272.0,0.15766938,53.0,0.12180035,"Schweitzer, Tyler",CWS,51.02008409615026,101.53012614422539,88.17228487734954,102.93498622798664,98.88491679820952,805326.0,97.60608849557524,105.94630088495579,105.8072566371681
805345,2026,0.12411064,0.09782608695652174,368,36,192.0,0.10264665,175.0,0.14782137,1.0,0.095818974,"Harris, Trent",SF,50.705574197816674,101.05836129672501,100.67250100618242,97.99355040330435,87.88439464283775,805345.0,99.45016483516486,106.18236263736262,108.67005494505493
805427,2026,0.12669154,0.15207373271889402,651,99,488.0,0.11490066,130.0,0.16342455,24.0,0.17019409,"Sommers, Drew",DET,52.25937539930298,103.38906309895447,110.93122035016344,106.01415624422685,119.479312965205,805427.0,116.42106918238993,100.59965408805031,112.0355660377358
805673,2026,0.11224524,0.10722720831365139,2117,227,1119.0,0.09006214,718.0,0.14245139,280.0,0.123441234,"Matthews, Zebby",MIN,42.99716061111753,89.4957409166763,90.22664746513,94.71041257115574,99.88859327467677,805673.0,95.01617424242426,101.76886363636359,96.07597537878789
806188,2026,0.12419737,0.09429824561403509,912,86,250.0,0.09940309,578.0,0.13781686,80.0,0.103458464,"Gibson, Cade",MIA,50.76841042559752,101.15261563839628,97.29632837574009,92.10632407363754,92.26153590371199,806188.0,105.52696420633039,97.61757340113057,103.11751081492348
806960,2026,0.1112861,0.08108108108108109,407,33,225.0,0.08472818,144.0,0.16049105,38.0,0.082076,"Morales, Luis",ATH,42.172092494167174,88.25813874125076,85.94209665782009,104.42588679465375,82.54075626770103,806960.0,98.28815028901734,85.95260115606936,85.38497109826591
807739,2026,0.12039221,0.133086876155268,541,72,229.0,0.08852803,216.0,0.14066082,96.0,0.15079723,"Anderson, Kade",SEA,47.90105480803012,96.85158221204517,89.06877964983656,93.30025865774296,111.43337001551174,807739.0,96.87659259259257,105.80948148148146,103.25603703703705
807743,2026,0.0853161,0.07766990291262135,412,32,275.0,0.07306738,72.0,0.11731699,65.0,0.10169047,"Sullivan, Sean",COL,30.29228342865267,70.43842514297901,75.5745788992464,82.74475929435988,91.09180484100918,807743.0,80.76757281553398,100.12800970873788,81.347427184466
808825,2026,0.12040705,0.12054794520547946,365,44,206.0,0.08522815,111.0,0.18189602,47.0,0.13130377,"Sears, Andrew",DET,47.96507362852843,96.94761044279264,86.38302202558313,115.50531979218925,103.71398965391626,808825.0,102.81993223479586,91.87176943948117,94.31564026206075
808963,2026,0.15487006,0.14727608494921515,2166,319,914.0,0.10011772,460.0,0.18991546,792.0,0.19770183,"Sasaki, Roki",LAD,66.15280336155811,124.22920504233717,98.31577836132327,119.50049130154203,132.92823140777404,808963.0,110.95316856393642,98.0559013287499,109.92631485423414
808967,2026,0.1280348,0.1396011396011396,2808,392,1507.0,0.09919302,548.0,0.14863618,747.0,0.17139073,"Yamamoto, Yoshinobu",LAD,52.84209285444815,104.26313928167222,97.19865818404395,98.47895904642343,120.14558900949382,808967.0,102.29684519442405,106.94721936903883,109.82494497432138
808970,2026,0.09867971,0.12790697674418605,86,11,34.0,0.064839,42.0,0.1215617,10.0,0.11763376,"Go, Woo-Suk",MIN,34.39958184926839,76.59937277390259,67.82042710410896,84.16188530180355,97.19865818404395,808970.0,82.02930232558143,93.91930232558138,82.92976744186045
810938,2026,0.051591095,0.0,50,0,0.0,0.0,0.0,0.0,0.0,0.0,"Williamson, Ben",TB,29.05887951162805,68.58831926744207,,,,810938.0,29.802025316455705,90.59620253164557,35.14658227848101
811315,2026,0.17026117,0.0970873786407767,103,10,64.0,0.13644248,39.0,0.22575851,0.0,0.0,"Hopkins, Brody",TB,72.22493097408335,133.33739646112502,126.44455514668783,132.15655714317464,,811315.0,115.95320388349515,81.23553398058253,106.94310679611651
813349,2026,0.1197997,0.10940499040307101,1563,171,860.0,0.101774134,418.0,0.12737793,284.0,0.1635745,"Early, Connelly",BOS,47.547333853174436,96.32100077976165,100.04801978076891,86.71065409598513,117.13435589072456,813349.0,102.83588709751807,96.67047630786979,99.90294932200983
814305,2026,0.12129205,0.1326530612244898,294,39,190.0,0.11279525,8.0,0.11066928,96.0,0.13899386,"Tur, Yunior",ATH,48.9169026420177,98.37535396302655,108.67101599457541,79.06527962141682,106.30844792661277,814305.0,96.3509152542373,88.15857627118642,88.90277966101695
814490,2026,0.11747707,0.0979020979020979,572,56,357.0,0.10288255,184.0,0.14965723,31.0,0.09454455,"Pecko, Ethan",HOU,46.23102796865404,94.34654195298106,100.8648334800594,99.01109411425868,87.1761229175385,814490.0,98.20461064510937,99.01079131865575,99.27845509988732
815081,2026,0.10471878,0.10738255033557047,298,32,187.0,0.072121166,97.0,0.16387042,14.0,0.13029346,"Manfredi, Mark",COL,37.63438713983575,81.45158070975363,73.77963120125682,106.1712050730574,103.08527383378511,815081.0,93.64275167785235,96.19315436241608,89.63959731543626
815083,2026,0.10734588,0.1259920634920635,1008,127,589.0,0.07879256,135.0,0.15453894,248.0,0.14324781,"Farris, Mitch",LAA,39.50069353119659,84.25104029679488,81.33113979074642,101.42416628943779,108.18739794353343,815083.0,91.98907949790794,87.4985355648535,79.7053974895397
820862,2026,0.16529265,0.1458966565349544,987,144,362.0,0.106652275,573.0,0.21193816,46.0,0.05331625,"Fermin, José",LAA,70.66831862538751,131.00247793808126,104.43350724365295,128.18369096055736,74.11808650657588,820862.0,104.79196738022429,97.68864424057085,102.08903160040771
837227,2026,0.12114628,0.14315209910529939,1453,208,704.0,0.071926534,666.0,0.1775545,81.0,0.087202355,"Imai, Tatsuya",HOU,48.79074444068904,98.18611666103357,73.55544485331217,113.94440906350285,84.09156634702862,837227.0,86.53838636468981,96.81606813724024,85.5446558937648
